
Starting CP-SAT solver v9.12.4544
Parameters: max_time_in_seconds: 21600 log_search_progress: true search_branching: PORTFOLIO_SEARCH num_search_workers: 1

Initial optimization model '': (model_fingerprint: 0xdbc6857f84269a34)
#Variables: 2'001 (#ints: 1 in objective)
  - 1'200 in [0,399]
  - 1 in [0,400]
  - 800 in [1,400]
#kAllDiff: 1
#kCumulative: 1 (#intervals: 400, #variable_sizes: 400)
#kInterval: 400
#kLinMax: 800 (#expressions: 2'202)
#kLinear2: 400
#kLinear3: 400

Starting presolve at 0.00s
  6.94e-04s  0.00e+00d  [DetectDominanceRelations] 
  5.46e-02s  0.00e+00d  [PresolveToFixPoint] #num_loops=2 #num_dual_strengthening=1 
  4.81e-05s  0.00e+00d  [ExtractEncodingFromLinear] 
  2.81e-02s  0.00e+00d  [DetectDuplicateColumns] 
  3.20e-02s  0.00e+00d  [DetectDuplicateConstraints] #duplicates=400 
[Symmetry] Graph for symmetry has 647'203 nodes and 969'004 arcs.
[Symmetry] Symmetry computation done. time: 0.465871 dtime: 0.301388
[Symmetry] #generators: 8, average support size: 703.25
[Symmetry] 2813 orbits on 5626 variables with sizes: 2,2,2,2,2,2,2,2,2,2,...
[Symmetry] Num fixable by intersecting at_most_one with orbits: 7 largest_orbit: 2
[Symmetry] Found orbitope of size 401 x 2
  7.37e-02s  0.00e+00d  [DetectDuplicateConstraintsWithDifferentEnforcements] 
  2.47e+00s  1.00e+00d *[Probe] #probed=14'226 #new_bounds=407 #new_binary_clauses=1'314 
  5.62e-03s  0.00e+00d  [MaxClique] 
  1.08e-01s  0.00e+00d  [DetectDominanceRelations] 
  2.36e+00s  0.00e+00d  [PresolveToFixPoint] #num_loops=2 #num_dual_strengthening=1 
  3.57e-02s  0.00e+00d  [ProcessAtMostOneAndLinear] 
  3.79e-02s  0.00e+00d  [DetectDuplicateConstraints] 
  4.42e-02s  0.00e+00d  [DetectDuplicateConstraintsWithDifferentEnforcements] 
  1.09e-02s  3.60e-06d  [DetectDominatedLinearConstraints] #relevant_constraints=400 
  8.73e-03s  0.00e+00d  [DetectDifferentVariables] 
  3.25e-02s  4.80e-04d  [ProcessSetPPC] #relevant_constraints=400 
  1.13e-02s  0.00e+00d  [FindAlmostIdenticalLinearConstraints] 
  1.22e+00s  1.00e+00d *[FindBigAtMostOneAndLinearOverlap] 
  9.82e-02s  4.04e-03d  [FindBigVerticalLinearOverlap] 
  6.60e-03s  0.00e+00d  [FindBigHorizontalLinearOverlap] 
  9.12e-03s  0.00e+00d  [MergeClauses] 
  9.67e-02s  0.00e+00d  [DetectDominanceRelations] 
  1.19e+00s  0.00e+00d  [PresolveToFixPoint] #num_loops=1 #num_dual_strengthening=1 
  1.06e-01s  0.00e+00d  [DetectDominanceRelations] 
  1.14e+00s  0.00e+00d  [PresolveToFixPoint] #num_loops=1 #num_dual_strengthening=1 
  2.64e-02s  0.00e+00d  [DetectDuplicateColumns] 
  4.32e-02s  0.00e+00d  [DetectDuplicateConstraints] 
[Symmetry] Graph for symmetry has 647'182 nodes and 968'962 arcs.
[Symmetry] Symmetry computation done. time: 0.349381 dtime: 0.339515
[Symmetry] #generators: 1, average support size: 6
[Symmetry] 3 orbits on 6 variables with sizes: 2,2,2
  3.54e-02s  0.00e+00d  [DetectDuplicateConstraintsWithDifferentEnforcements] 
  2.20e+00s  1.00e+00d *[Probe] #probed=14'608 
  4.17e-03s  0.00e+00d  [MaxClique] 
  9.68e-02s  0.00e+00d  [DetectDominanceRelations] 
  1.16e+00s  0.00e+00d  [PresolveToFixPoint] #num_loops=1 #num_dual_strengthening=1 
  2.90e-02s  0.00e+00d  [ProcessAtMostOneAndLinear] 
  2.95e-02s  0.00e+00d  [DetectDuplicateConstraints] 
  3.36e-02s  0.00e+00d  [DetectDuplicateConstraintsWithDifferentEnforcements] 
  7.73e-03s  3.60e-06d  [DetectDominatedLinearConstraints] #relevant_constraints=400 
  6.49e-03s  0.00e+00d  [DetectDifferentVariables] 
  2.62e-02s  4.80e-04d  [ProcessSetPPC] #relevant_constraints=400 
  8.57e-03s  0.00e+00d  [FindAlmostIdenticalLinearConstraints] 
  1.23e+00s  1.00e+00d *[FindBigAtMostOneAndLinearOverlap] 
  5.23e-02s  4.04e-03d  [FindBigVerticalLinearOverlap] 
  6.60e-03s  0.00e+00d  [FindBigHorizontalLinearOverlap] 
  6.59e-03s  0.00e+00d  [MergeClauses] 
  9.63e-02s  0.00e+00d  [DetectDominanceRelations] 
  1.15e+00s  0.00e+00d  [PresolveToFixPoint] #num_loops=1 #num_dual_strengthening=1 
  6.09e-01s  0.00e+00d  [ExpandObjective] #entries=63'836'056 #tight_variables=160'793 #tight_constraints=800 

Presolve summary:
  - 400 affine relations were detected.
  - rule 'TODO dual: only one blocking constraint?' was applied 6 times.
  - rule 'affine: new relation' was applied 400 times.
  - rule 'all_diff: permutation expanded' was applied 1 time.
  - rule 'cumulative: propagate min capacity.' was applied 1 time.
  - rule 'deductions: 319986 stored' was applied 1 time.
  - rule 'duplicate: removed constraint' was applied 400 times.
  - rule 'enforcement: false literal' was applied 7 times.
  - rule 'enforcement: true literal' was applied 7 times.
  - rule 'exactly_one: removed literals' was applied 1 time.
  - rule 'linear: always true' was applied 7 times.
  - rule 'linear: remapped using affine relations' was applied 1'200 times.
  - rule 'linear: simplified rhs' was applied 159'993 times.
  - rule 'new_bool: integer encoding' was applied 160'000 times.
  - rule 'presolve: 7 unused variables removed.' was applied 1 time.
  - rule 'presolve: iteration' was applied 2 times.
  - rule 'symmetry: fixed to false in general orbit' was applied 7 times.
  - rule 'variables: add encoding constraint' was applied 160'000 times.

Presolved optimization model '': (model_fingerprint: 0xfa86846dfdab405f)
#Variables: 161'594 (#ints: 1 in objective)
  - 159'993 Booleans in [0,1]
  - 793 in [0,399]
  - 407 in [1,399]
  - 401 in [1,400]
#kCumulative: 1 (#intervals: 400, #variable_sizes: 400)
#kExactlyOne: 400 (#literals: 159'993)
#kInterval: 400
#kLinMax: 800 (#expressions: 2'202)
#kLinear1: 319'986 (#enforced: 319'986)
#kLinear3: 400
[Symmetry] Graph for symmetry has 646'775 nodes and 968'962 arcs.
[Symmetry] Symmetry computation done. time: 0.3529 dtime: 0.33949
[Symmetry] #generators: 1, average support size: 6
[Symmetry] 3 orbits on 6 variables with sizes: 2,2,2

Preloading model.
#Bound  18.50s best:inf   next:[1,400]    initial_domain

Starting search at 18.50s with 1 workers.
1 full problem subsolver: [main]

[Encoding] 800 literals associated to VAR >= value, and 0 half-associations.
[Encoding] 159993 literals associated to VAR == value, and 0 half-associations.
[Encoding] num_fully_encoded_variables:400
[Precedences] num_relations=0 num_clauses=159593
[Probing] deterministic_time: 1.00005 (limit: 1) wall_time: 1.59028 (Aborted 7304/318786)
[EncodingLinearRelaxation] #tight_equality:0 #loose_equality:0 #inequality:400
[LinearRelaxationBeforeCliqueExpansion] #linear:3403 #at_most_ones:400
[FinalLinearRelaxation] #linear:2603 #cut_generators:0
Initial num_bool: 318786

Starting subsolver 'main' hint search at 21.79s
Starting subsolver 'main' search at 21.79s
#1      34.24s best:272   next:[1,271]    main
#2      95.13s best:260   next:[1,259]    main
#3     104.56s best:259   next:[1,258]    main
#4     104.99s best:257   next:[1,256]    main
#5     108.23s best:256   next:[1,255]    main
#6     108.68s best:255   next:[1,254]    main
#7     110.16s best:254   next:[1,253]    main
#8     112.06s best:253   next:[1,252]    main
#9     112.76s best:252   next:[1,251]    main
#10    8431.28s best:228   next:[1,227]    main

Task timing           n [     min,      max]      avg      dev     time         n [     min,      max]      avg      dev    dtime
      'main':         1 [   5.99h,    5.99h]    5.99h   0.00ns    5.99h         1 [   3.13h,    3.13h]    3.13h   0.00ns    3.13h

Search stats      Bools  Conflicts    Branches  Restarts      BoolPropag  IntegerPropag
       'main':  370'645  6'285'703  61'007'103   362'311  87'894'964'961  4'176'097'252

SAT stats    ClassicMinim  LitRemoved  LitLearned  LitForgotten  Subsumed  MClauses  MDecisions  MLitTrue  MSubsumed  MLitRemoved  MReused
    'main':     1'092'851   3'538'587  89'790'163    68'315'700    22'504   385'457   1'391'870        13     43'071      239'199   82'603

Lp stats    Component  Iterations  AddedCuts     OPTIMAL  DUAL_F.  DUAL_U.
   'main':          1       2'045          0  46'644'552        0        0

Lp dimension      Final dimension of first component
       'main':  400 rows, 1600 columns, 1200 entries

Lp debug    CutPropag  CutEqPropag  Adjust  Overflow  Bad  BadScaling
   'main':          0            0       0         0    0           0

Lp pool    Constraints  Updates  Simplif  Merged  Shortened  Split  Strenghtened  Cuts/Call
  'main':        2'603        0        9       0          0      0             0        0/0

Solutions (10)    Num    Rank
         'main':   10  [1,10]

Objective bounds     Num
  'initial_domain':    1

Solution repositories    Added  Queried  Synchro
  'feasible solutions':     10        0       10
   'fj solution hints':      0        0        0

CpSolverResponse summary:
status: FEASIBLE
objective: 228
best_bound: 1
integers: 1601
booleans: 370645
conflicts: 6285703
branches: 61007103
propagations: 87894964961
integer_propagations: 4176097252
restarts: 362311
lp_iterations: 2045
walltime: 21600.7
usertime: 21600.7
deterministic_time: 11255
gap_integral: 0
solution_fingerprint: 0x3ec4cecf88986106


--- Instância: ../../Instances/Frinhani/Random-400-400-2-1.txt ---
Dimensões Ativas -> Itens (Linhas): 400 | Padrões (Colunas): 400

Iniciando o solver OR-Tools (CP-SAT) v9.12.4544...
Threads permitidas: 1
Tempo limite configurado para: 21600.0 segundos (6.00h)

[AVISO] Limite de tempo esgotado. Melhor solução viável encontrada.
Máximo de Pilhas Abertas (Custo C): 228
Melhor Limite Inferior (Best Bound): 1
Gap de Otimalidade: 99.56%
Tempo de Execução: 21600.65s
Sequência de Padrões: 0 237 15 326 377 203 159 23 177 208 143 194 292 288 370 383 381 247 21 352 36 234 393 48 350 235 385 118 34 42 362 181 29 204 164 112 100 134 245 196 167 129 291 367 210 273 113 31 209 316 140 207 59 136 160 330 91 171 271 4 41 342 379 372 355 44 228 12 366 169 322 368 127 125 295 299 138 293 65 78 327 375 135 348 88 109 186 333 148 277 45 175 67 94 278 315 351 174 215 76 182 33 95 304 85 11 79 211 32 318 220 108 213 168 165 10 1 151 219 395 267 192 154 130 24 341 13 347 224 264 72 319 349 30 28 27 75 86 332 227 386 298 22 107 120 126 137 139 152 285 321 323 242 392 232 119 339 398 200 155 84 55 238 14 170 142 300 97 166 106 197 303 183 270 240 46 259 20 19 18 17 8 7 3 2 399 52 280 397 396 60 394 287 391 390 389 388 387 289 384 382 380 313 50 378 35 376 311 62 51 374 373 268 371 251 369 258 68 61 284 365 364 363 361 360 359 358 357 356 77 354 353 275 286 141 132 128 346 345 344 343 317 149 340 338 337 336 335 114 334 331 329 131 328 312 325 324 191 190 189 320 314 5 310 309 308 307 306 305 230 225 302 301 188 297 296 193 294 198 184 290 246 283 282 281 279 218 276 274 272 80 269 236 266 265 263 262 261 260 71 257 226 256 255 254 253 252 38 250 249 248 49 244 243 111 241 239 233 231 229 223 222 221 217 216 214 212 206 205 202 201 199 195 187 185 180 179 178 176 173 172 163 162 161 158 157 156 153 150 147 146 145 144 133 124 123 122 121 117 116 115 110 105 104 103 102 101 99 98 96 93 92 90 89 87 83 82 81 74 73 70 69 66 64 63 58 57 56 54 53 47 43 40 39 37 26 25 16 9 6
--> Log gravado no arquivo 'resultados_mosp.csv' com status: FEASIBLE

Starting CP-SAT solver v9.12.4544
Parameters: max_time_in_seconds: 21600 log_search_progress: true search_branching: PORTFOLIO_SEARCH num_search_workers: 1

Initial optimization model '': (model_fingerprint: 0xdbc6857f84269a34)
#Variables: 2'001 (#ints: 1 in objective)
  - 1'200 in [0,399]
  - 1 in [0,400]
  - 800 in [1,400]
#kAllDiff: 1
#kCumulative: 1 (#intervals: 400, #variable_sizes: 400)
#kInterval: 400
#kLinMax: 800 (#expressions: 2'202)
#kLinear2: 400
#kLinear3: 400

Starting presolve at 0.00s
  6.34e-04s  0.00e+00d  [DetectDominanceRelations] 
  5.21e-02s  0.00e+00d  [PresolveToFixPoint] #num_loops=2 #num_dual_strengthening=1 
  4.71e-05s  0.00e+00d  [ExtractEncodingFromLinear] 
  2.90e-02s  0.00e+00d  [DetectDuplicateColumns] 
  2.99e-02s  0.00e+00d  [DetectDuplicateConstraints] #duplicates=400 
[Symmetry] Graph for symmetry has 647'203 nodes and 969'004 arcs.
[Symmetry] Symmetry computation done. time: 0.484839 dtime: 0.301388
[Symmetry] #generators: 8, average support size: 703.25
[Symmetry] 2813 orbits on 5626 variables with sizes: 2,2,2,2,2,2,2,2,2,2,...
[Symmetry] Num fixable by intersecting at_most_one with orbits: 7 largest_orbit: 2
[Symmetry] Found orbitope of size 401 x 2
  3.55e-02s  0.00e+00d  [DetectDuplicateConstraintsWithDifferentEnforcements] 
  2.01e+00s  1.00e+00d *[Probe] #probed=14'226 #new_bounds=407 #new_binary_clauses=1'314 
  3.94e-03s  0.00e+00d  [MaxClique] 
  9.19e-02s  0.00e+00d  [DetectDominanceRelations] 
  2.21e+00s  0.00e+00d  [PresolveToFixPoint] #num_loops=2 #num_dual_strengthening=1 
  2.73e-02s  0.00e+00d  [ProcessAtMostOneAndLinear] 
  2.84e-02s  0.00e+00d  [DetectDuplicateConstraints] 
  4.02e-02s  0.00e+00d  [DetectDuplicateConstraintsWithDifferentEnforcements] 
  1.78e-02s  3.60e-06d  [DetectDominatedLinearConstraints] #relevant_constraints=400 
  5.61e-03s  0.00e+00d  [DetectDifferentVariables] 
  2.71e-02s  4.80e-04d  [ProcessSetPPC] #relevant_constraints=400 
  8.27e-03s  0.00e+00d  [FindAlmostIdenticalLinearConstraints] 
  1.20e+00s  1.00e+00d *[FindBigAtMostOneAndLinearOverlap] 
  2.19e-02s  4.04e-03d  [FindBigVerticalLinearOverlap] 
  5.65e-03s  0.00e+00d  [FindBigHorizontalLinearOverlap] 
  5.49e-03s  0.00e+00d  [MergeClauses] 
  9.25e-02s  0.00e+00d  [DetectDominanceRelations] 
  1.06e+00s  0.00e+00d  [PresolveToFixPoint] #num_loops=1 #num_dual_strengthening=1 
  9.29e-02s  0.00e+00d  [DetectDominanceRelations] 
  1.08e+00s  0.00e+00d  [PresolveToFixPoint] #num_loops=1 #num_dual_strengthening=1 
  2.25e-02s  0.00e+00d  [DetectDuplicateColumns] 
  2.86e-02s  0.00e+00d  [DetectDuplicateConstraints] 
[Symmetry] Graph for symmetry has 647'182 nodes and 968'962 arcs.
[Symmetry] Symmetry computation done. time: 0.297638 dtime: 0.339515
[Symmetry] #generators: 1, average support size: 6
[Symmetry] 3 orbits on 6 variables with sizes: 2,2,2
  3.23e-02s  0.00e+00d  [DetectDuplicateConstraintsWithDifferentEnforcements] 
  1.91e+00s  1.00e+00d *[Probe] #probed=14'608 
  3.78e-03s  0.00e+00d  [MaxClique] 
  9.21e-02s  0.00e+00d  [DetectDominanceRelations] 
  1.05e+00s  0.00e+00d  [PresolveToFixPoint] #num_loops=1 #num_dual_strengthening=1 
  2.67e-02s  0.00e+00d  [ProcessAtMostOneAndLinear] 
  3.04e-02s  0.00e+00d  [DetectDuplicateConstraints] 
  3.34e-02s  0.00e+00d  [DetectDuplicateConstraintsWithDifferentEnforcements] 
  6.83e-03s  3.60e-06d  [DetectDominatedLinearConstraints] #relevant_constraints=400 
  5.84e-03s  0.00e+00d  [DetectDifferentVariables] 
  2.46e-02s  4.80e-04d  [ProcessSetPPC] #relevant_constraints=400 
  8.48e-03s  0.00e+00d  [FindAlmostIdenticalLinearConstraints] 
  1.21e+00s  1.00e+00d *[FindBigAtMostOneAndLinearOverlap] 
  2.18e-02s  4.04e-03d  [FindBigVerticalLinearOverlap] 
  5.54e-03s  0.00e+00d  [FindBigHorizontalLinearOverlap] 
  5.97e-03s  0.00e+00d  [MergeClauses] 
  9.40e-02s  0.00e+00d  [DetectDominanceRelations] 
  1.07e+00s  0.00e+00d  [PresolveToFixPoint] #num_loops=1 #num_dual_strengthening=1 
  6.14e-01s  0.00e+00d  [ExpandObjective] #entries=63'836'056 #tight_variables=160'793 #tight_constraints=800 

Presolve summary:
  - 400 affine relations were detected.
  - rule 'TODO dual: only one blocking constraint?' was applied 6 times.
  - rule 'affine: new relation' was applied 400 times.
  - rule 'all_diff: permutation expanded' was applied 1 time.
  - rule 'cumulative: propagate min capacity.' was applied 1 time.
  - rule 'deductions: 319986 stored' was applied 1 time.
  - rule 'duplicate: removed constraint' was applied 400 times.
  - rule 'enforcement: false literal' was applied 7 times.
  - rule 'enforcement: true literal' was applied 7 times.
  - rule 'exactly_one: removed literals' was applied 1 time.
  - rule 'linear: always true' was applied 7 times.
  - rule 'linear: remapped using affine relations' was applied 1'200 times.
  - rule 'linear: simplified rhs' was applied 159'993 times.
  - rule 'new_bool: integer encoding' was applied 160'000 times.
  - rule 'presolve: 7 unused variables removed.' was applied 1 time.
  - rule 'presolve: iteration' was applied 2 times.
  - rule 'symmetry: fixed to false in general orbit' was applied 7 times.
  - rule 'variables: add encoding constraint' was applied 160'000 times.

Presolved optimization model '': (model_fingerprint: 0xfa86846dfdab405f)
#Variables: 161'594 (#ints: 1 in objective)
  - 159'993 Booleans in [0,1]
  - 793 in [0,399]
  - 407 in [1,399]
  - 401 in [1,400]
#kCumulative: 1 (#intervals: 400, #variable_sizes: 400)
#kExactlyOne: 400 (#literals: 159'993)
#kInterval: 400
#kLinMax: 800 (#expressions: 2'202)
#kLinear1: 319'986 (#enforced: 319'986)
#kLinear3: 400
[Symmetry] Graph for symmetry has 646'775 nodes and 968'962 arcs.
[Symmetry] Symmetry computation done. time: 0.322718 dtime: 0.33949
[Symmetry] #generators: 1, average support size: 6
[Symmetry] 3 orbits on 6 variables with sizes: 2,2,2

Preloading model.
#Bound  16.74s best:inf   next:[1,400]    initial_domain

Starting search at 16.74s with 1 workers.
1 full problem subsolver: [main]

[Encoding] 800 literals associated to VAR >= value, and 0 half-associations.
[Encoding] 159993 literals associated to VAR == value, and 0 half-associations.
[Encoding] num_fully_encoded_variables:400
[Precedences] num_relations=0 num_clauses=159593
[Probing] deterministic_time: 1.00005 (limit: 1) wall_time: 1.36775 (Aborted 7304/318786)
[EncodingLinearRelaxation] #tight_equality:0 #loose_equality:0 #inequality:400
[LinearRelaxationBeforeCliqueExpansion] #linear:3403 #at_most_ones:400
[FinalLinearRelaxation] #linear:2603 #cut_generators:0
Initial num_bool: 318786

Starting subsolver 'main' hint search at 19.63s
Starting subsolver 'main' search at 19.63s
#1      31.73s best:272   next:[1,271]    main
#2      90.90s best:260   next:[1,259]    main
#3     100.18s best:259   next:[1,258]    main
#4     100.60s best:257   next:[1,256]    main
#5     103.49s best:256   next:[1,255]    main
#6     103.90s best:255   next:[1,254]    main
#7     105.29s best:254   next:[1,253]    main
#8     107.06s best:253   next:[1,252]    main
#9     107.71s best:252   next:[1,251]    main
#10    7413.45s best:228   next:[1,227]    main

Task timing           n [     min,      max]      avg      dev     time         n [     min,      max]      avg      dev    dtime
      'main':         1 [   3.52h,    3.52h]    3.52h   0.00ns    3.52h         1 [   2.02h,    2.02h]    2.02h   0.00ns    2.02h

Search stats      Bools  Conflicts    Branches  Restarts      BoolPropag  IntegerPropag
       'main':  361'077  3'987'045  42'792'267   310'466  58'381'555'361  3'055'257'137

SAT stats    ClassicMinim  LitRemoved  LitLearned  LitForgotten  Subsumed  MClauses  MDecisions  MLitTrue  MSubsumed  MLitRemoved  MReused
    'main':       697'260   2'550'648  64'286'694    50'758'594    12'743   324'193   1'132'501        13     29'877      166'590   63'124

Lp stats    Component  Iterations  AddedCuts     OPTIMAL  DUAL_F.  DUAL_U.
   'main':          1       2'045          0  32'238'193        0        0

Lp dimension      Final dimension of first component
       'main':  400 rows, 1600 columns, 1200 entries

Lp debug    CutPropag  CutEqPropag  Adjust  Overflow  Bad  BadScaling
   'main':          0            0       0         0    0           0

Lp pool    Constraints  Updates  Simplif  Merged  Shortened  Split  Strenghtened  Cuts/Call
  'main':        2'603        0        9       0          0      0             0        0/0

Solutions (10)    Num    Rank
         'main':   10  [1,10]

Objective bounds     Num
  'initial_domain':    1

Solution repositories    Added  Queried  Synchro
  'feasible solutions':     10        0       10
   'fj solution hints':      0        0        0

CpSolverResponse summary:
status: FEASIBLE
objective: 228
best_bound: 1
integers: 1601
booleans: 361077
conflicts: 3987045
branches: 42792267
propagations: 58381555361
integer_propagations: 3055257137
restarts: 310466
lp_iterations: 2045
walltime: 12680.9
usertime: 12680.9
deterministic_time: 7258.7
gap_integral: 0
solution_fingerprint: 0x3ec4cecf88986106


--- Instância: ../../Instances/Frinhani/Random-400-400-2-1.txt ---
Dimensões Ativas -> Itens (Linhas): 400 | Padrões (Colunas): 400

Iniciando o solver OR-Tools (CP-SAT) v9.12.4544...
Threads permitidas: 1
Tempo limite configurado para: 21600.0 segundos (6.00h)

[AVISO] Limite de tempo esgotado. Melhor solução viável encontrada.
Máximo de Pilhas Abertas (Custo C): 228
Melhor Limite Inferior (Best Bound): 1
Gap de Otimalidade: 99.56%
Tempo de Execução: 12680.90s
Sequência de Padrões: 0 237 15 326 377 203 159 23 177 208 143 194 292 288 370 383 381 247 21 352 36 234 393 48 350 235 385 118 34 42 362 181 29 204 164 112 100 134 245 196 167 129 291 367 210 273 113 31 209 316 140 207 59 136 160 330 91 171 271 4 41 342 379 372 355 44 228 12 366 169 322 368 127 125 295 299 138 293 65 78 327 375 135 348 88 109 186 333 148 277 45 175 67 94 278 315 351 174 215 76 182 33 95 304 85 11 79 211 32 318 220 108 213 168 165 10 1 151 219 395 267 192 154 130 24 341 13 347 224 264 72 319 349 30 28 27 75 86 332 227 386 298 22 107 120 126 137 139 152 285 321 323 242 392 232 119 339 398 200 155 84 55 238 14 170 142 300 97 166 106 197 303 183 270 240 46 259 20 19 18 17 8 7 3 2 399 52 280 397 396 60 394 287 391 390 389 388 387 289 384 382 380 313 50 378 35 376 311 62 51 374 373 268 371 251 369 258 68 61 284 365 364 363 361 360 359 358 357 356 77 354 353 275 286 141 132 128 346 345 344 343 317 149 340 338 337 336 335 114 334 331 329 131 328 312 325 324 191 190 189 320 314 5 310 309 308 307 306 305 230 225 302 301 188 297 296 193 294 198 184 290 246 283 282 281 279 218 276 274 272 80 269 236 266 265 263 262 261 260 71 257 226 256 255 254 253 252 38 250 249 248 49 244 243 111 241 239 233 231 229 223 222 221 217 216 214 212 206 205 202 201 199 195 187 185 180 179 178 176 173 172 163 162 161 158 157 156 153 150 147 146 145 144 133 124 123 122 121 117 116 115 110 105 104 103 102 101 99 98 96 93 92 90 89 87 83 82 81 74 73 70 69 66 64 63 58 57 56 54 53 47 43 40 39 37 26 25 16 9 6
--> Log gravado no arquivo 'resultados_mosp.csv' com status: FEASIBLE

Starting CP-SAT solver v9.12.4544
Parameters: max_time_in_seconds: 21600 log_search_progress: true search_branching: PORTFOLIO_SEARCH num_search_workers: 1

Initial optimization model '': (model_fingerprint: 0xd28717edb9c56785)
#Variables: 2'001 (#ints: 1 in objective)
  - 1'200 in [0,399]
  - 1 in [0,400]
  - 800 in [1,400]
#kAllDiff: 1
#kCumulative: 1 (#intervals: 400, #variable_sizes: 400)
#kInterval: 400
#kLinMax: 800 (#expressions: 2'202)
#kLinear2: 400
#kLinear3: 400

Starting presolve at 0.00s
  6.41e-04s  0.00e+00d  [DetectDominanceRelations] 
  6.47e-02s  0.00e+00d  [PresolveToFixPoint] #num_loops=3 #num_dual_strengthening=1 
  4.73e-05s  0.00e+00d  [ExtractEncodingFromLinear] 
  2.74e-02s  0.00e+00d  [DetectDuplicateColumns] 
  2.97e-02s  0.00e+00d  [DetectDuplicateConstraints] #duplicates=322 
[Symmetry] Graph for symmetry has 646'651 nodes and 967'978 arcs.
[Symmetry] Symmetry computation done. time: 0.344763 dtime: 0.308667
[Symmetry] #generators: 2, average support size: 802
[Symmetry] 802 orbits on 1604 variables with sizes: 2,2,2,2,2,2,2,2,2,2,...
[Symmetry] Num fixable by intersecting at_most_one with orbits: 2 largest_orbit: 2
[Symmetry] Found orbitope of size 401 x 2
  3.43e-02s  0.00e+00d  [DetectDuplicateConstraintsWithDifferentEnforcements] 
  1.99e+00s  1.00e+00d *[Probe] #probed=14'360 #new_bounds=324 #new_binary_clauses=517 
  3.84e-03s  0.00e+00d  [MaxClique] 
  9.34e-02s  0.00e+00d  [DetectDominanceRelations] 
  2.19e+00s  0.00e+00d  [PresolveToFixPoint] #num_loops=2 #num_dual_strengthening=1 
  2.83e-02s  0.00e+00d  [ProcessAtMostOneAndLinear] 
  2.81e-02s  0.00e+00d  [DetectDuplicateConstraints] 
  3.31e-02s  0.00e+00d  [DetectDuplicateConstraintsWithDifferentEnforcements] 
  6.95e-03s  2.90e-06d  [DetectDominatedLinearConstraints] #relevant_constraints=322 
  5.85e-03s  0.00e+00d  [DetectDifferentVariables] 
  2.40e-02s  4.80e-04d  [ProcessSetPPC] #relevant_constraints=400 
  8.23e-03s  0.00e+00d  [FindAlmostIdenticalLinearConstraints] 
  1.18e+00s  1.00e+00d *[FindBigAtMostOneAndLinearOverlap] 
  1.99e-02s  4.04e-03d  [FindBigVerticalLinearOverlap] 
  5.60e-03s  0.00e+00d  [FindBigHorizontalLinearOverlap] 
  5.34e-03s  0.00e+00d  [MergeClauses] 
  9.39e-02s  0.00e+00d  [DetectDominanceRelations] 
  1.06e+00s  0.00e+00d  [PresolveToFixPoint] #num_loops=1 #num_dual_strengthening=1 
  9.41e-02s  0.00e+00d  [DetectDominanceRelations] 
  1.10e+00s  0.00e+00d  [PresolveToFixPoint] #num_loops=1 #num_dual_strengthening=1 
  2.14e-02s  0.00e+00d  [DetectDuplicateColumns] 
  2.86e-02s  0.00e+00d  [DetectDuplicateConstraints] 
[Symmetry] Graph for symmetry has 646'639 nodes and 967'960 arcs.
[Symmetry] Symmetry computation done. time: 0.364473 dtime: 0.332895
  3.28e-02s  0.00e+00d  [DetectDuplicateConstraintsWithDifferentEnforcements] 
  1.93e+00s  1.00e+00d *[Probe] #probed=14'688 
  3.98e-03s  0.00e+00d  [MaxClique] 
  9.24e-02s  0.00e+00d  [DetectDominanceRelations] 
  1.07e+00s  0.00e+00d  [PresolveToFixPoint] #num_loops=1 #num_dual_strengthening=1 
  2.66e-02s  0.00e+00d  [ProcessAtMostOneAndLinear] 
  3.00e-02s  0.00e+00d  [DetectDuplicateConstraints] 
  3.32e-02s  0.00e+00d  [DetectDuplicateConstraintsWithDifferentEnforcements] 
  6.80e-03s  2.90e-06d  [DetectDominatedLinearConstraints] #relevant_constraints=322 
  5.66e-03s  0.00e+00d  [DetectDifferentVariables] 
  2.41e-02s  4.80e-04d  [ProcessSetPPC] #relevant_constraints=400 
  8.36e-03s  0.00e+00d  [FindAlmostIdenticalLinearConstraints] 
  1.20e+00s  1.00e+00d *[FindBigAtMostOneAndLinearOverlap] 
  3.87e-02s  4.04e-03d  [FindBigVerticalLinearOverlap] 
  6.06e-03s  0.00e+00d  [FindBigHorizontalLinearOverlap] 
  5.68e-03s  0.00e+00d  [MergeClauses] 
  9.37e-02s  0.00e+00d  [DetectDominanceRelations] 
  1.08e+00s  0.00e+00d  [PresolveToFixPoint] #num_loops=1 #num_dual_strengthening=1 
  5.82e-01s  0.00e+00d  [ExpandObjective] #entries=63'839'694 #tight_variables=160'642 #tight_constraints=722 

Presolve summary:
  - 556 affine relations were detected.
  - rule 'TODO dual: only one blocking constraint?' was applied 6 times.
  - rule 'affine: new relation' was applied 556 times.
  - rule 'all_diff: permutation expanded' was applied 1 time.
  - rule 'cumulative: merged demand of identical interval' was applied 6 times.
  - rule 'cumulative: propagate min capacity.' was applied 2 times.
  - rule 'deductions: 319996 stored' was applied 1 time.
  - rule 'duplicate: removed constraint' was applied 322 times.
  - rule 'enforcement: false literal' was applied 2 times.
  - rule 'enforcement: true literal' was applied 2 times.
  - rule 'exactly_one: removed literals' was applied 1 time.
  - rule 'intervals: change duplicate index inside constraint' was applied 6 times.
  - rule 'intervals: removed unused interval' was applied 6 times.
  - rule 'lin_max: converted to equality' was applied 156 times.
  - rule 'linear: always true' was applied 80 times.
  - rule 'linear: empty' was applied 78 times.
  - rule 'linear: fixed or dup variables' was applied 312 times.
  - rule 'linear: reduced variable domains' was applied 78 times.
  - rule 'linear: remapped using affine relations' was applied 1'512 times.
  - rule 'linear: simplified rhs' was applied 159'998 times.
  - rule 'new_bool: integer encoding' was applied 160'000 times.
  - rule 'presolve: 80 unused variables removed.' was applied 1 time.
  - rule 'presolve: iteration' was applied 2 times.
  - rule 'symmetry: fixed to false in general orbit' was applied 2 times.
  - rule 'variables: add encoding constraint' was applied 160'000 times.

Presolved optimization model '': (model_fingerprint: 0x43d77e06ea591d6e)
#Variables: 161'365 (#ints: 1 in objective)
  - 159'998 Booleans in [0,1]
  - 720 in [0,399]
  - 324 in [1,399]
  - 322 in [1,400]
  - 1 in [2,400]
#kCumulative: 1 (#intervals: 394, #variable_sizes: 322)
#kExactlyOne: 400 (#literals: 159'998)
#kInterval: 394
#kLinMax: 644 (#expressions: 2'046)
#kLinear1: 319'996 (#enforced: 319'996)
#kLinear3: 322
[Symmetry] Graph for symmetry has 646'003 nodes and 967'960 arcs.
[Symmetry] Symmetry computation done. time: 0.359236 dtime: 0.332857

Preloading model.
#Bound  16.63s best:inf   next:[2,400]    initial_domain

Starting search at 16.63s with 1 workers.
1 full problem subsolver: [main]

[Encoding] 800 literals associated to VAR >= value, and 0 half-associations.
[Encoding] 159998 literals associated to VAR == value, and 0 half-associations.
[Encoding] num_fully_encoded_variables:400
[Precedences] num_relations=0 num_clauses=159598
[Probing] deterministic_time: 1.00005 (limit: 1) wall_time: 1.36064 (Aborted 7344/318796)
[EncodingLinearRelaxation] #tight_equality:0 #loose_equality:0 #inequality:400
[LinearRelaxationBeforeCliqueExpansion] #linear:3169 #at_most_ones:400
[FinalLinearRelaxation] #linear:2369 #cut_generators:0
Initial num_bool: 318796

Starting subsolver 'main' hint search at 19.52s
Starting subsolver 'main' search at 19.52s
#1      21.28s best:241   next:[2,240]    main
#2      23.86s best:240   next:[2,239]    main
#3      24.20s best:239   next:[2,238]    main
#4      26.90s best:238   next:[2,237]    main
#5      33.97s best:237   next:[2,236]    main
#6     126.74s best:236   next:[2,235]    main
#7     127.40s best:235   next:[2,234]    main
#8     276.82s best:234   next:[2,233]    main
#9     277.21s best:233   next:[2,232]    main
#10    286.22s best:232   next:[2,231]    main
#11    287.03s best:231   next:[2,230]    main
#12    319.41s best:230   next:[2,229]    main
#13    447.91s best:229   next:[2,228]    main
#14    532.73s best:228   next:[2,227]    main
#15    582.55s best:227   next:[2,226]    main
#16    597.29s best:226   next:[2,225]    main
#17    830.08s best:225   next:[2,224]    main
#18    830.97s best:224   next:[2,223]    main
#19    963.58s best:223   next:[2,222]    main
#20    2107.03s best:185   next:[2,184]    main
#21    10833.97s best:184   next:[2,183]    main
#22    10847.23s best:183   next:[2,182]    main
#23    12049.54s best:182   next:[2,181]    main
#24    12052.60s best:181   next:[2,180]    main
#25    12064.43s best:180   next:[2,179]    main
#26    13820.38s best:179   next:[2,178]    main

Task timing           n [     min,      max]      avg      dev     time         n [     min,      max]      avg      dev    dtime
      'main':         1 [   6.00h,    6.00h]    6.00h   0.00ns    6.00h         1 [   4.99h,    4.99h]    4.99h   0.00ns    4.99h

Search stats      Bools   Conflicts    Branches  Restarts       BoolPropag  IntegerPropag
       'main':  351'056  12'643'828  64'337'136   521'337  114'669'557'112  2'657'463'241

SAT stats    ClassicMinim  LitRemoved   LitLearned  LitForgotten  Subsumed  MClauses  MDecisions  MLitTrue  MSubsumed  MLitRemoved  MReused
    'main':     3'148'860   8'147'222  138'851'013    80'048'527   102'539   559'381   2'148'764         5     83'680      512'907  121'614

Lp stats    Component  Iterations  AddedCuts     OPTIMAL  DUAL_F.  DUAL_U.
   'main':          1       1'188          0  47'806'321        0        0

Lp dimension     Final dimension of first component
       'main':  322 rows, 1366 columns, 966 entries

Lp debug    CutPropag  CutEqPropag  Adjust  Overflow  Bad  BadScaling
   'main':          0            0       0         0    0           0

Lp pool    Constraints  Updates  Simplif  Merged  Shortened  Split  Strenghtened  Cuts/Call
  'main':        2'369        0       25       0          0      0             0        0/0

Solutions (26)    Num    Rank
         'main':   26  [1,26]

Objective bounds     Num
  'initial_domain':    1

Solution repositories    Added  Queried  Synchro
  'feasible solutions':     26        0       26
   'fj solution hints':      0        0        0

CpSolverResponse summary:
status: FEASIBLE
objective: 179
best_bound: 2
integers: 1367
booleans: 351056
conflicts: 12643828
branches: 64337136
propagations: 114669557112
integer_propagations: 2657463241
restarts: 521337
lp_iterations: 1188
walltime: 21601.6
usertime: 21601.6
deterministic_time: 17976.9
gap_integral: 0
solution_fingerprint: 0xd1ce84a470c18ffa

--> APLICANDO TRANSPOSIÇÃO DE MATRIZ <--

--- Instância: ../../Instances/Frinhani/Random-400-400-2-1.txt_transposta ---
Dimensões Ativas -> Itens (Linhas): 400 | Padrões (Colunas): 400

Iniciando o solver OR-Tools (CP-SAT) v9.12.4544...
Threads permitidas: 1
Tempo limite configurado para: 21600.0 segundos (6.00h)

[AVISO] Limite de tempo esgotado. Melhor solução viável encontrada.
Máximo de Pilhas Abertas (Custo C): 179
Melhor Limite Inferior (Best Bound): 2
Gap de Otimalidade: 98.88%
Tempo de Execução: 21601.60s
Sequência de Padrões: 113 42 41 59 109 399 140 112 1 13 37 105 133 75 305 294 268 27 224 76 106 28 231 32 62 398 397 26 207 61 396 15 333 54 343 165 24 2 71 370 395 101 394 118 79 44 393 392 236 6 4 121 301 391 125 218 31 390 23 83 130 389 230 7 10 60 388 110 124 143 139 387 156 151 242 386 385 384 383 382 104 381 380 213 162 379 378 52 43 25 215 204 377 152 376 375 89 35 56 374 373 251 20 326 102 167 372 256 223 371 354 369 55 344 49 329 325 323 316 310 226 368 367 298 18 66 293 292 291 285 330 304 276 40 274 271 270 269 249 88 245 243 95 3 241 70 48 153 221 366 225 150 247 232 58 227 116 145 220 209 277 201 364 265 205 363 311 312 361 17 168 85 347 196 303 255 254 115 233 194 338 192 321 63 314 362 72 259 33 261 229 340 84 250 180 289 359 328 358 297 278 107 360 337 307 30 222 355 345 288 195 331 77 353 114 341 279 193 356 169 69 352 178 248 264 351 19 164 257 334 350 281 349 206 217 228 348 199 174 181 315 57 144 78 365 357 346 211 272 342 339 210 336 335 332 141 135 327 324 177 322 14 122 161 300 208 320 319 318 317 313 237 98 308 306 82 309 299 302 128 191 21 296 295 290 234 287 286 283 50 284 99 86 214 282 154 280 103 203 244 275 273 267 266 246 126 262 263 94 260 258 253 149 137 148 252 74 142 240 239 238 235 219 216 212 202 200 198 197 190 189 80 188 187 186 185 184 183 182 179 176 157 175 173 120 172 171 9 170 166 163 160 159 158 155 8 147 146 138 136 134 46 132 131 129 127 22 16 123 119 117 111 108 100 97 96 93 92 91 90 87 0 5 81 73 68 11 67 65 64 53 51 47 45 39 38 36 34 29 12
--> Log gravado no arquivo 'resultados_mosp.csv' com status: FEASIBLE

Starting CP-SAT solver v9.12.4544
Parameters: max_time_in_seconds: 21600 log_search_progress: true search_branching: PORTFOLIO_SEARCH num_search_workers: 1

Initial optimization model '': (model_fingerprint: 0xc16bfd732135423e)
#Variables: 3'001 (#ints: 1 in objective)
  - 1'800 in [0,599]
  - 1 in [0,600]
  - 1'200 in [1,600]
#kAllDiff: 1
#kCumulative: 1 (#intervals: 600, #variable_sizes: 600)
#kInterval: 600
#kLinMax: 1'200 (#expressions: 3'236)
#kLinear2: 600
#kLinear3: 600

Starting presolve at 0.00s
  8.87e-04s  0.00e+00d  [DetectDominanceRelations] 
  1.51e-01s  0.00e+00d  [PresolveToFixPoint] #num_loops=3 #num_dual_strengthening=1 
  6.09e-05s  0.00e+00d  [ExtractEncodingFromLinear] 
  7.77e-02s  0.00e+00d  [DetectDuplicateColumns] 
  7.68e-02s  0.00e+00d  [DetectDuplicateConstraints] #duplicates=458 
[Symmetry] Graph for symmetry has 1'449'800 nodes and 2'171'574 arcs.
[Symmetry] Graph too large. Skipping. You can use symmetry_level:3 or more to force it.
  1.29e-01s  0.00e+00d  [DetectDuplicateConstraintsWithDifferentEnforcements] 
  3.18e+00s  1.00e+00d *[Probe] #probed=8'356 #new_bounds=458 
  8.94e-03s  0.00e+00d  [MaxClique] 
  2.06e-01s  0.00e+00d  [DetectDominanceRelations] 
  4.85e+00s  0.00e+00d  [PresolveToFixPoint] #num_loops=2 #num_dual_strengthening=1 
  5.89e-02s  0.00e+00d  [ProcessAtMostOneAndLinear] 
  7.55e-02s  0.00e+00d  [DetectDuplicateConstraints] 
  8.93e-02s  0.00e+00d  [DetectDuplicateConstraintsWithDifferentEnforcements] 
  1.52e-02s  4.12e-06d  [DetectDominatedLinearConstraints] #relevant_constraints=458 
  1.25e-02s  0.00e+00d  [DetectDifferentVariables] 
  5.61e-02s  1.08e-03d  [ProcessSetPPC] #relevant_constraints=600 
  1.77e-02s  0.00e+00d  [FindAlmostIdenticalLinearConstraints] 
  1.23e+00s  1.00e+00d *[FindBigAtMostOneAndLinearOverlap] 
  5.16e-02s  9.05e-03d  [FindBigVerticalLinearOverlap] 
  1.22e-02s  0.00e+00d  [FindBigHorizontalLinearOverlap] 
  1.20e-02s  0.00e+00d  [MergeClauses] 
  2.09e-01s  0.00e+00d  [DetectDominanceRelations] 
  2.38e+00s  0.00e+00d  [PresolveToFixPoint] #num_loops=1 #num_dual_strengthening=1 
  2.06e-01s  0.00e+00d  [DetectDominanceRelations] 
  2.35e+00s  0.00e+00d  [PresolveToFixPoint] #num_loops=1 #num_dual_strengthening=1 
  6.07e-02s  0.00e+00d  [DetectDuplicateColumns] 
  7.47e-02s  0.00e+00d  [DetectDuplicateConstraints] 
[Symmetry] Graph for symmetry has 1'449'791 nodes and 2'171'565 arcs.
[Symmetry] Graph too large. Skipping. You can use symmetry_level:3 or more to force it.
  1.30e-01s  0.00e+00d  [DetectDuplicateConstraintsWithDifferentEnforcements] 
  3.05e+00s  1.00e+00d *[Probe] #probed=8'818 
  8.44e-03s  0.00e+00d  [MaxClique] 
  2.05e-01s  0.00e+00d  [DetectDominanceRelations] 
  2.35e+00s  0.00e+00d  [PresolveToFixPoint] #num_loops=1 #num_dual_strengthening=1 
  5.71e-02s  0.00e+00d  [ProcessAtMostOneAndLinear] 
  7.56e-02s  0.00e+00d  [DetectDuplicateConstraints] 
  8.71e-02s  0.00e+00d  [DetectDuplicateConstraintsWithDifferentEnforcements] 
  1.48e-02s  4.12e-06d  [DetectDominatedLinearConstraints] #relevant_constraints=458 
  1.30e-02s  0.00e+00d  [DetectDifferentVariables] 
  5.55e-02s  1.08e-03d  [ProcessSetPPC] #relevant_constraints=600 
  1.65e-02s  0.00e+00d  [FindAlmostIdenticalLinearConstraints] 
  1.22e+00s  1.00e+00d *[FindBigAtMostOneAndLinearOverlap] 
  5.40e-02s  9.05e-03d  [FindBigVerticalLinearOverlap] 
  1.25e-02s  0.00e+00d  [FindBigHorizontalLinearOverlap] 
  1.39e-02s  0.00e+00d  [MergeClauses] 
  2.54e-01s  0.00e+00d  [DetectDominanceRelations] 
  2.60e+00s  0.00e+00d  [PresolveToFixPoint] #num_loops=1 #num_dual_strengthening=1 
  1.19e+00s  0.00e+00d  [ExpandObjective] #entries=100'000'090 #tight_variables=168'316 #tight_constraints=737 

Presolve summary:
  - 884 affine relations were detected.
  - rule 'TODO dual: only one blocking constraint?' was applied 6 times.
  - rule 'affine: new relation' was applied 884 times.
  - rule 'all_diff: permutation expanded' was applied 1 time.
  - rule 'cumulative: merged demand of identical interval' was applied 9 times.
  - rule 'cumulative: propagate min capacity.' was applied 2 times.
  - rule 'deductions: 720000 stored' was applied 1 time.
  - rule 'duplicate: removed constraint' was applied 458 times.
  - rule 'intervals: change duplicate index inside constraint' was applied 9 times.
  - rule 'intervals: removed unused interval' was applied 9 times.
  - rule 'lin_max: converted to equality' was applied 284 times.
  - rule 'linear: always true' was applied 142 times.
  - rule 'linear: empty' was applied 142 times.
  - rule 'linear: fixed or dup variables' was applied 568 times.
  - rule 'linear: reduced variable domains' was applied 142 times.
  - rule 'linear: remapped using affine relations' was applied 2'368 times.
  - rule 'linear: simplified rhs' was applied 360'000 times.
  - rule 'new_bool: integer encoding' was applied 360'000 times.
  - rule 'presolve: 142 unused variables removed.' was applied 1 time.
  - rule 'presolve: iteration' was applied 2 times.
  - rule 'variables: add encoding constraint' was applied 360'000 times.

Presolved optimization model '': (model_fingerprint: 0x6a4d98ba5491bbb6)
#Variables: 361'975 (#ints: 1 in objective)
  - 360'000 Booleans in [0,1]
  - 1'058 in [0,599]
  - 458 in [1,599]
  - 458 in [1,600]
  - 1 in [2,600]
#kCumulative: 1 (#intervals: 591, #variable_sizes: 458)
#kExactlyOne: 600 (#literals: 360'000)
#kInterval: 591
#kLinMax: 916 (#expressions: 2'952)
#kLinear1: 720'000 (#enforced: 720'000)
#kLinear3: 458
[Symmetry] Graph for symmetry has 1'448'765 nodes and 2'171'565 arcs.
[Symmetry] Graph too large. Skipping. You can use symmetry_level:3 or more to force it.

Preloading model.
#Bound  29.32s best:inf   next:[2,600]    initial_domain

Starting search at 29.32s with 1 workers.
1 full problem subsolver: [main]

[Encoding] 1200 literals associated to VAR >= value, and 0 half-associations.
[Encoding] 360000 literals associated to VAR == value, and 0 half-associations.
[Encoding] num_fully_encoded_variables:600
[Precedences] num_relations=0 num_clauses=359400
[Probing] deterministic_time: 1.00017 (limit: 1) wall_time: 1.53171 (Aborted 4409/718200)
[EncodingLinearRelaxation] #tight_equality:0 #loose_equality:0 #inequality:600
[LinearRelaxationBeforeCliqueExpansion] #linear:4611 #at_most_ones:600
[FinalLinearRelaxation] #linear:3411 #cut_generators:0
Initial num_bool: 718200

Starting subsolver 'main' hint search at 34.00s
Starting subsolver 'main' search at 34.00s
#1      89.68s best:338   next:[2,337]    main
#2     174.50s best:321   next:[2,320]    main
#3     234.93s best:320   next:[2,319]    main
#4     242.66s best:319   next:[2,318]    main
#5     1694.75s best:318   next:[2,317]    main
#6     3114.40s best:317   next:[2,316]    main
#7     3119.68s best:316   next:[2,315]    main
#8     6697.26s best:314   next:[2,313]    main
#9     8294.34s best:311   next:[2,310]    main
#10    8697.68s best:310   next:[2,309]    main
#11    8721.16s best:309   next:[2,308]    main
#12    10028.31s best:308   next:[2,307]    main
#13    12443.85s best:307   next:[2,306]    main
#14    12468.88s best:306   next:[2,305]    main
#15    13187.39s best:305   next:[2,304]    main
#16    15025.88s best:304   next:[2,303]    main
#17    15635.10s best:303   next:[2,302]    main
#18    15637.30s best:302   next:[2,301]    main
#19    15713.95s best:301   next:[2,300]    main
#20    15733.00s best:300   next:[2,299]    main
#21    21124.55s best:272   next:[2,271]    main

Task timing           n [     min,      max]      avg      dev     time         n [     min,      max]      avg      dev    dtime
      'main':         1 [   5.99h,    5.99h]    5.99h   0.00ns    5.99h         1 [   4.70h,    4.70h]    4.70h   0.00ns    4.70h

Search stats      Bools  Conflicts    Branches  Restarts       BoolPropag  IntegerPropag
       'main':  782'670  8'359'666  53'209'546   743'252  130'084'469'362  1'948'849'860

SAT stats    ClassicMinim  LitRemoved  LitLearned  LitForgotten  Subsumed  MClauses  MDecisions  MLitTrue  MSubsumed  MLitRemoved  MReused
    'main':     1'567'328   3'466'899  78'625'130    43'363'851    40'038   801'562   3'012'903        27     89'546      528'234  148'596

Lp stats    Component  Iterations  AddedCuts     OPTIMAL  DUAL_F.  DUAL_U.
   'main':          1       6'577          0  34'985'047        0        0

Lp dimension      Final dimension of first component
       'main':  458 rows, 1974 columns, 1374 entries

Lp debug    CutPropag  CutEqPropag  Adjust  Overflow  Bad  BadScaling
   'main':          0            0       0         0    0           0

Lp pool    Constraints  Updates  Simplif  Merged  Shortened  Split  Strenghtened  Cuts/Call
  'main':        3'411        0       21       0          0      0             0        0/0

Solutions (21)    Num    Rank
         'main':   21  [1,21]

Objective bounds     Num
  'initial_domain':    1

Solution repositories    Added  Queried  Synchro
  'feasible solutions':     21        0       21
   'fj solution hints':      0        0        0

CpSolverResponse summary:
status: FEASIBLE
objective: 272
best_bound: 2
integers: 1975
booleans: 782670
conflicts: 8359666
branches: 53209546
propagations: 130084469362
integer_propagations: 1948849860
restarts: 743252
lp_iterations: 6577
walltime: 21601.4
usertime: 21601.4
deterministic_time: 16922.1
gap_integral: 0
solution_fingerprint: 0x1f472e4a3a67015

--> APLICANDO TRANSPOSIÇÃO DE MATRIZ <--

--- Instância: ../../Instances/Frinhani/Random-600-600-2-1.txt_transposta ---
Dimensões Ativas -> Itens (Linhas): 600 | Padrões (Colunas): 600

Iniciando o solver OR-Tools (CP-SAT) v9.12.4544...
Threads permitidas: 1
Tempo limite configurado para: 21600.0 segundos (6.00h)

[AVISO] Limite de tempo esgotado. Melhor solução viável encontrada.
Máximo de Pilhas Abertas (Custo C): 272
Melhor Limite Inferior (Best Bound): 2
Gap de Otimalidade: 99.26%
Tempo de Execução: 21601.35s
Sequência de Padrões: 0 269 259 132 84 482 518 109 513 133 440 398 530 90 57 590 384 250 172 26 312 531 87 222 396 552 185 401 481 504 93 458 163 15 587 346 407 406 190 490 329 304 7 225 164 317 112 542 111 258 527 415 334 139 567 376 69 21 39 110 78 157 205 18 456 137 99 377 140 6 46 128 441 285 28 424 276 236 29 12 217 290 234 175 562 50 272 9 75 221 77 73 43 550 41 578 454 42 209 30 289 59 469 160 2 66 74 64 199 413 326 491 372 246 45 152 181 247 274 37 176 245 572 464 244 379 251 173 119 459 215 13 281 80 474 394 105 162 288 399 5 443 358 138 231 421 60 186 54 161 447 563 287 575 53 544 206 503 525 239 344 554 191 61 436 126 223 545 79 555 462 374 65 403 241 340 127 316 337 591 561 213 19 308 558 345 114 8 44 113 141 48 301 1 34 524 576 71 201 224 557 359 253 546 585 515 516 397 315 476 156 520 174 597 412 405 36 291 471 147 419 256 309 422 437 445 27 511 389 158 321 417 353 40 466 83 391 92 386 450 283 243 451 196 49 135 211 98 319 154 134 214 198 336 204 255 14 210 56 47 121 352 371 203 444 212 226 136 431 292 449 332 103 362 102 278 155 96 307 148 200 472 318 86 467 366 331 266 67 51 364 149 339 570 510 101 502 68 529 63 521 320 480 52 593 560 380 130 499 207 219 294 392 252 393 228 192 260 286 416 485 410 275 189 89 484 188 216 553 218 107 427 17 375 465 62 180 168 230 70 559 470 72 88 300 229 85 117 355 24 489 404 495 120 453 91 249 184 395 118 277 365 10 598 123 295 311 108 282 477 265 115 328 182 165 302 533 507 235 76 411 509 232 150 94 497 208 367 261 486 124 523 233 463 293 568 25 360 183 517 271 435 381 298 599 584 240 430 496 97 543 425 131 169 566 387 564 333 361 368 343 347 581 144 171 100 428 31 596 237 493 349 11 535 257 55 166 177 197 448 432 187 541 363 442 588 95 267 457 310 382 573 508 33 104 351 143 327 532 551 325 478 455 434 483 548 429 297 452 32 341 498 324 22 537 528 594 569 262 159 473 273 348 357 540 280 574 314 423 512 438 583 35 595 385 582 426 479 299 242 538 195 270 338 383 409 81 589 116 408 263 414 82 356 342 145 534 556 592 390 194 254 38 475 193 373 402 238 536 577 284 227 400 248 303 519 350 146 106 506 153 492 539 522 167 526 461 122 4 370 369 418 433 549 446 514 305 547 335 125 179 279 500 220 264 586 354 487 296 268 420 20 378 129 579 16 571 388 322 202 323 494 505 313 439 460 178 23 488 142 580 58 330 565 306 501 170 468 3 151
--> Log gravado no arquivo 'resultados_mosp.csv' com status: FEASIBLE

Starting CP-SAT solver v9.12.4544
Parameters: max_time_in_seconds: 21600 log_search_progress: true search_branching: PORTFOLIO_SEARCH num_search_workers: 1

Initial optimization model '': (model_fingerprint: 0xb5e405e0fc080e51)
#Variables: 4'001 (#ints: 1 in objective)
  - 2'400 in [0,799]
  - 1 in [0,800]
  - 1'600 in [1,800]
#kAllDiff: 1
#kCumulative: 1 (#intervals: 800, #variable_sizes: 800)
#kInterval: 800
#kLinMax: 1'600 (#expressions: 4'284)
#kLinear2: 800
#kLinear3: 800

Starting presolve at 0.00s
  1.15e-03s  0.00e+00d  [DetectDominanceRelations] 
  2.39e-01s  0.00e+00d  [PresolveToFixPoint] #num_loops=3 #num_dual_strengthening=1 
  7.82e-05s  0.00e+00d  [ExtractEncodingFromLinear] 
  1.39e-01s  0.00e+00d  [DetectDuplicateColumns] 
  1.62e-01s  0.00e+00d  [DetectDuplicateConstraints] #duplicates=638 
[Symmetry] Graph for symmetry has 2'573'256 nodes and 3'855'754 arcs.
[Symmetry] Graph too large. Skipping. You can use symmetry_level:3 or more to force it.
  2.54e-01s  0.00e+00d  [DetectDuplicateConstraintsWithDifferentEnforcements] 
  5.16e+00s  1.00e+00d *[Probe] #probed=5'562 #new_bounds=638 
  1.66e-02s  0.00e+00d  [MaxClique] 
  4.06e-01s  0.00e+00d  [DetectDominanceRelations] 
  9.37e+00s  0.00e+00d  [PresolveToFixPoint] #num_loops=2 #num_dual_strengthening=1 
  1.08e-01s  0.00e+00d  [ProcessAtMostOneAndLinear] 
  1.52e-01s  0.00e+00d  [DetectDuplicateConstraints] 
  1.77e-01s  0.00e+00d  [DetectDuplicateConstraintsWithDifferentEnforcements] 
  2.56e-02s  5.74e-06d  [DetectDominatedLinearConstraints] #relevant_constraints=638 
  2.47e-02s  0.00e+00d  [DetectDifferentVariables] 
  1.04e-01s  1.92e-03d  [ProcessSetPPC] #relevant_constraints=800 
  2.84e-02s  0.00e+00d  [FindAlmostIdenticalLinearConstraints] 
  1.16e+00s  1.00e+00d *[FindBigAtMostOneAndLinearOverlap] 
  9.68e-02s  1.61e-02d  [FindBigVerticalLinearOverlap] 
  2.18e-02s  0.00e+00d  [FindBigHorizontalLinearOverlap] 
  2.11e-02s  0.00e+00d  [MergeClauses] 
  3.87e-01s  0.00e+00d  [DetectDominanceRelations] 
  4.57e+00s  0.00e+00d  [PresolveToFixPoint] #num_loops=1 #num_dual_strengthening=1 
  3.80e-01s  0.00e+00d  [DetectDominanceRelations] 
  4.57e+00s  0.00e+00d  [PresolveToFixPoint] #num_loops=1 #num_dual_strengthening=1 
  1.21e-01s  0.00e+00d  [DetectDuplicateColumns] 
  1.54e-01s  0.00e+00d  [DetectDuplicateConstraints] 
[Symmetry] Graph for symmetry has 2'573'243 nodes and 3'855'741 arcs.
[Symmetry] Graph too large. Skipping. You can use symmetry_level:3 or more to force it.
  2.15e-01s  0.00e+00d  [DetectDuplicateConstraintsWithDifferentEnforcements] 
  4.66e+00s  1.00e+00d *[Probe] #probed=6'184 
  1.48e-02s  0.00e+00d  [MaxClique] 
  3.70e-01s  0.00e+00d  [DetectDominanceRelations] 
  4.48e+00s  0.00e+00d  [PresolveToFixPoint] #num_loops=1 #num_dual_strengthening=1 
  1.07e-01s  0.00e+00d  [ProcessAtMostOneAndLinear] 
  1.52e-01s  0.00e+00d  [DetectDuplicateConstraints] 
  1.73e-01s  0.00e+00d  [DetectDuplicateConstraintsWithDifferentEnforcements] 
  2.52e-02s  5.74e-06d  [DetectDominatedLinearConstraints] #relevant_constraints=638 
  2.18e-02s  0.00e+00d  [DetectDifferentVariables] 
  1.01e-01s  1.92e-03d  [ProcessSetPPC] #relevant_constraints=800 
  2.78e-02s  0.00e+00d  [FindAlmostIdenticalLinearConstraints] 
  1.15e+00s  1.00e+00d *[FindBigAtMostOneAndLinearOverlap] 
  9.48e-02s  1.61e-02d  [FindBigVerticalLinearOverlap] 
  2.14e-02s  0.00e+00d  [FindBigHorizontalLinearOverlap] 
  2.23e-02s  0.00e+00d  [MergeClauses] 
  3.72e-01s  0.00e+00d  [DetectDominanceRelations] 
  4.43e+00s  0.00e+00d  [PresolveToFixPoint] #num_loops=1 #num_dual_strengthening=1 
  8.16e-01s  0.00e+00d  [ExpandObjective] #entries=100'000'598 #tight_variables=126'876 #tight_constraints=795 

Presolve summary:
  - 1124 affine relations were detected.
  - rule 'TODO dual: only one blocking constraint?' was applied 6 times.
  - rule 'affine: new relation' was applied 1'124 times.
  - rule 'all_diff: permutation expanded' was applied 1 time.
  - rule 'cumulative: merged demand of identical interval' was applied 13 times.
  - rule 'cumulative: propagate min capacity.' was applied 2 times.
  - rule 'deductions: 1280000 stored' was applied 1 time.
  - rule 'duplicate: removed constraint' was applied 638 times.
  - rule 'intervals: change duplicate index inside constraint' was applied 13 times.
  - rule 'intervals: removed unused interval' was applied 13 times.
  - rule 'lin_max: converted to equality' was applied 324 times.
  - rule 'linear: always true' was applied 162 times.
  - rule 'linear: empty' was applied 162 times.
  - rule 'linear: fixed or dup variables' was applied 648 times.
  - rule 'linear: reduced variable domains' was applied 162 times.
  - rule 'linear: remapped using affine relations' was applied 3'048 times.
  - rule 'linear: simplified rhs' was applied 640'000 times.
  - rule 'new_bool: integer encoding' was applied 640'000 times.
  - rule 'presolve: 162 unused variables removed.' was applied 1 time.
  - rule 'presolve: iteration' was applied 2 times.
  - rule 'variables: add encoding constraint' was applied 640'000 times.

Presolved optimization model '': (model_fingerprint: 0x3a193acbecdbbc68)
#Variables: 642'715 (#ints: 1 in objective)
  - 640'000 Booleans in [0,1]
  - 1'438 in [0,799]
  - 638 in [1,799]
  - 638 in [1,800]
  - 1 in [2,800]
#kCumulative: 1 (#intervals: 787, #variable_sizes: 638)
#kExactlyOne: 800 (#literals: 640'000)
#kInterval: 787
#kLinMax: 1'276 (#expressions: 3'960)
#kLinear1: 1'280'000 (#enforced: 1'280'000)
#kLinear3: 638
[Symmetry] Graph for symmetry has 2'571'957 nodes and 3'855'741 arcs.
[Symmetry] Graph too large. Skipping. You can use symmetry_level:3 or more to force it.

Preloading model.
#Bound  49.46s best:inf   next:[2,800]    initial_domain

Starting search at 49.46s with 1 workers.
1 full problem subsolver: [main]

[Encoding] 1600 literals associated to VAR >= value, and 0 half-associations.
[Encoding] 640000 literals associated to VAR == value, and 0 half-associations.
[Encoding] num_fully_encoded_variables:800
[Precedences] num_relations=0 num_clauses=639200
[Probing] deterministic_time: 1.00017 (limit: 1) wall_time: 1.94184 (Aborted 3092/1277600)
[EncodingLinearRelaxation] #tight_equality:0 #loose_equality:0 #inequality:800
[LinearRelaxationBeforeCliqueExpansion] #linear:6199 #at_most_ones:800
[FinalLinearRelaxation] #linear:4599 #cut_generators:0
Initial num_bool: 1277600

Starting subsolver 'main' hint search at 56.08s
Starting subsolver 'main' search at 56.08s
#1     109.30s best:448   next:[2,447]    main
#2     112.11s best:447   next:[2,446]    main
#3     4101.12s best:446   next:[2,445]    main
#4     4230.28s best:445   next:[2,444]    main
#5     4235.44s best:444   next:[2,443]    main
#6     4241.63s best:443   next:[2,442]    main
#7     6221.18s best:442   next:[2,441]    main
#8     6236.91s best:441   next:[2,440]    main
#9     6244.61s best:422   next:[2,421]    main
#10    19437.28s best:421   next:[2,420]    main
#11    19481.26s best:420   next:[2,419]    main
#12    19633.90s best:419   next:[2,418]    main
#13    19667.96s best:418   next:[2,417]    main
#14    21499.73s best:355   next:[2,354]    main

Task timing           n [     min,      max]      avg      dev     time         n [     min,      max]      avg      dev    dtime
      'main':         1 [   5.99h,    5.99h]    5.99h   0.00ns    5.99h         1 [   4.08h,    4.08h]    4.08h   0.00ns    4.08h

Search stats        Bools  Conflicts    Branches  Restarts       BoolPropag  IntegerPropag
       'main':  1'362'844  5'251'838  40'536'514   947'798  121'202'105'995  1'572'444'940

SAT stats    ClassicMinim  LitRemoved  LitLearned  LitForgotten  Subsumed  MClauses  MDecisions  MLitTrue  MSubsumed  MLitRemoved  MReused
    'main':       688'168   1'552'159  48'772'743    27'153'508    14'226   992'319   3'378'666         8     72'995      393'928  110'387

Lp stats    Component  Iterations  AddedCuts     OPTIMAL  DUAL_F.  DUAL_U.
   'main':          1       4'443          0  25'086'129        0        0

Lp dimension      Final dimension of first component
       'main':  638 rows, 2714 columns, 1914 entries

Lp debug    CutPropag  CutEqPropag  Adjust  Overflow  Bad  BadScaling
   'main':          0            0       0         0    0           0

Lp pool    Constraints  Updates  Simplif  Merged  Shortened  Split  Strenghtened  Cuts/Call
  'main':        4'599        0       12       0          0      0             0        0/0

Solutions (14)    Num    Rank
         'main':   14  [1,14]

Objective bounds     Num
  'initial_domain':    1

Solution repositories    Added  Queried  Synchro
  'feasible solutions':     14        0       14
   'fj solution hints':      0        0        0

CpSolverResponse summary:
status: FEASIBLE
objective: 355
best_bound: 2
integers: 2715
booleans: 1362844
conflicts: 5251838
branches: 40536514
propagations: 121202105995
integer_propagations: 1572444940
restarts: 947798
lp_iterations: 4443
walltime: 21601.2
usertime: 21601.2
deterministic_time: 14709.4
gap_integral: 0
solution_fingerprint: 0x8cdbe02a8432f268

--> APLICANDO TRANSPOSIÇÃO DE MATRIZ <--

--- Instância: ../../Instances/Frinhani/Random-800-800-2-1.txt_transposta ---
Dimensões Ativas -> Itens (Linhas): 800 | Padrões (Colunas): 800

Iniciando o solver OR-Tools (CP-SAT) v9.12.4544...
Threads permitidas: 1
Tempo limite configurado para: 21600.0 segundos (6.00h)

[AVISO] Limite de tempo esgotado. Melhor solução viável encontrada.
Máximo de Pilhas Abertas (Custo C): 355
Melhor Limite Inferior (Best Bound): 2
Gap de Otimalidade: 99.44%
Tempo de Execução: 21601.19s
Sequência de Padrões: 0 602 629 277 713 131 510 559 681 4 187 425 767 359 293 193 436 734 617 50 778 690 23 433 367 580 166 665 689 683 153 103 322 313 196 210 221 139 71 644 47 109 667 396 775 249 650 321 723 298 763 315 348 152 43 557 336 394 700 310 424 327 729 456 508 267 555 35 499 38 100 84 619 383 515 659 531 743 664 736 746 706 358 669 606 334 701 189 135 237 122 687 550 138 649 306 623 373 129 630 209 453 303 434 227 575 93 781 130 49 214 320 90 211 117 22 48 12 39 170 186 67 167 113 104 302 16 245 538 628 291 731 72 105 350 17 366 794 377 458 325 549 521 360 212 225 356 393 173 11 125 192 111 330 181 33 224 201 660 299 88 432 14 36 219 27 784 485 101 727 420 233 788 240 295 178 89 176 653 725 140 552 215 648 28 487 588 709 60 46 771 208 686 380 6 64 286 467 250 406 292 586 786 715 607 309 441 476 677 533 704 370 254 647 724 231 81 474 256 401 374 44 148 392 514 388 739 142 362 789 776 564 91 492 663 294 218 450 501 599 284 83 65 110 627 601 55 437 45 205 478 8 42 21 156 29 116 344 13 162 128 556 756 145 57 251 1 390 792 239 230 443 718 452 666 740 160 127 471 654 202 760 537 164 171 391 268 147 158 197 527 640 68 137 289 423 30 365 639 143 721 213 411 768 150 53 522 674 220 190 516 589 200 410 270 79 764 353 182 536 611 319 18 765 77 615 279 172 174 517 112 716 428 494 551 265 262 183 579 493 548 248 612 106 136 301 673 333 288 475 3 318 41 449 413 5 741 726 168 25 257 576 73 609 10 232 448 658 61 462 280 285 632 37 253 451 574 384 592 684 368 464 290 712 146 720 376 241 470 773 799 445 758 300 748 234 661 429 742 636 497 491 126 264 511 416 80 675 507 496 226 477 204 634 159 369 717 76 747 203 328 459 523 99 70 340 107 769 512 798 54 691 7 343 577 155 165 685 216 488 59 94 19 560 243 590 505 525 418 118 791 180 699 263 311 339 426 593 737 558 305 567 732 750 759 409 229 120 308 482 472 123 238 179 761 528 271 618 352 323 275 466 787 415 465 26 442 728 85 600 82 346 96 635 375 603 378 66 194 468 500 498 614 296 702 154 278 772 484 439 198 529 422 52 121 457 540 440 454 597 774 404 58 608 695 631 316 672 40 175 483 578 115 479 56 345 463 714 572 738 324 534 692 790 161 252 31 753 403 598 87 400 169 246 223 412 124 332 777 236 372 63 62 419 610 32 668 206 119 261 657 503 526 108 177 539 78 389 642 283 276 594 582 633 97 266 460 185 509 351 51 547 9 417 645 626 431 780 195 207 98 573 670 671 587 796 613 199 287 354 385 222 430 563 643 506 779 676 469 502 421 541 570 304 596 752 730 114 735 282 719 698 371 2 489 585 361 387 544 562 86 228 793 414 678 408 520 744 641 355 379 513 568 546 364 751 783 438 357 624 34 347 651 399 75 473 405 395 703 269 620 244 682 312 188 341 504 696 637 595 655 133 571 745 755 591 95 149 74 708 338 490 782 281 274 272 455 151 553 565 625 242 273 697 235 566 297 662 307 69 446 616 621 141 656 638 132 707 733 705 604 757 102 329 524 530 545 184 326 258 710 255 495 447 535 381 407 444 749 259 519 335 317 542 554 693 711 694 646 398 561 605 766 785 543 260 584 217 20 581 342 337 518 688 191 583 427 247 569 349 480 144 652 795 679 486 24 397 754 331 461 797 680 770 92 163 382 622 722 532 386 157 363 134 762 435 314 481 402 15
--> Log gravado no arquivo 'resultados_mosp.csv' com status: FEASIBLE

Starting CP-SAT solver v9.12.4544
Parameters: max_time_in_seconds: 21600 log_search_progress: true search_branching: PORTFOLIO_SEARCH num_search_workers: 1

Initial optimization model '': (model_fingerprint: 0xa70df629ea13f011)
#Variables: 5'001 (#ints: 1 in objective)
  - 3'000 in [0,999]
  - 1 in [0,1000]
  - 2'000 in [1,1000]
#kAllDiff: 1
#kCumulative: 1 (#intervals: 1'000, #variable_sizes: 1'000)
#kInterval: 1'000
#kLinMax: 2'000 (#expressions: 5'552)
#kLinear2: 1'000
#kLinear3: 1'000

Starting presolve at 0.00s
  1.44e-03s  0.00e+00d  [DetectDominanceRelations] 
  3.55e-01s  0.00e+00d  [PresolveToFixPoint] #num_loops=3 #num_dual_strengthening=1 
  1.16e-04s  0.00e+00d  [ExtractEncodingFromLinear] 
  2.19e-01s  0.00e+00d  [DetectDuplicateColumns] 
  7.56e-01s  0.00e+00d  [DetectDuplicateConstraints] #duplicates=811 
[Symmetry] Problem too large. Skipping. You can use symmetry_level:3 or more to force it.
  8.73e-01s  0.00e+00d  [DetectDuplicateConstraintsWithDifferentEnforcements] 
  7.75e+00s  1.00e+00d *[Probe] #probed=3'734 #new_bounds=811 
  2.30e-02s  0.00e+00d  [MaxClique] 
  5.78e-01s  0.00e+00d  [DetectDominanceRelations] 
  1.40e+01s  0.00e+00d  [PresolveToFixPoint] #num_loops=2 #num_dual_strengthening=1 
  1.59e-01s  0.00e+00d  [ProcessAtMostOneAndLinear] 
  6.78e-01s  0.00e+00d  [DetectDuplicateConstraints] 
  8.45e-01s  0.00e+00d  [DetectDuplicateConstraintsWithDifferentEnforcements] 
  3.85e-02s  7.30e-06d  [DetectDominatedLinearConstraints] #relevant_constraints=811 
  3.34e-02s  0.00e+00d  [DetectDifferentVariables] 
  1.64e-01s  3.00e-03d  [ProcessSetPPC] #relevant_constraints=1'000 
  4.29e-02s  0.00e+00d  [FindAlmostIdenticalLinearConstraints] 
  1.26e+00s  1.00e+00d *[FindBigAtMostOneAndLinearOverlap] 
  1.54e-01s  2.51e-02d  [FindBigVerticalLinearOverlap] 
  3.32e-02s  0.00e+00d  [FindBigHorizontalLinearOverlap] 
  3.17e-02s  0.00e+00d  [MergeClauses] 
  5.64e-01s  0.00e+00d  [DetectDominanceRelations] 
  6.90e+00s  0.00e+00d  [PresolveToFixPoint] #num_loops=1 #num_dual_strengthening=1 
  6.08e-01s  0.00e+00d  [DetectDominanceRelations] 
  6.98e+00s  0.00e+00d  [PresolveToFixPoint] #num_loops=1 #num_dual_strengthening=1 
  1.90e-01s  0.00e+00d  [DetectDuplicateColumns] 
  6.78e-01s  0.00e+00d  [DetectDuplicateConstraints] 
[Symmetry] Problem too large. Skipping. You can use symmetry_level:3 or more to force it.
  8.81e-01s  0.00e+00d  [DetectDuplicateConstraintsWithDifferentEnforcements] 
  7.27e+00s  1.00e+00d *[Probe] #probed=4'500 
  2.26e-02s  0.00e+00d  [MaxClique] 
  5.74e-01s  0.00e+00d  [DetectDominanceRelations] 
  6.92e+00s  0.00e+00d  [PresolveToFixPoint] #num_loops=1 #num_dual_strengthening=1 
  1.60e-01s  0.00e+00d  [ProcessAtMostOneAndLinear] 
  6.96e-01s  0.00e+00d  [DetectDuplicateConstraints] 
  8.57e-01s  0.00e+00d  [DetectDuplicateConstraintsWithDifferentEnforcements] 
  3.86e-02s  7.30e-06d  [DetectDominatedLinearConstraints] #relevant_constraints=811 
  3.35e-02s  0.00e+00d  [DetectDifferentVariables] 
  1.56e-01s  3.00e-03d  [ProcessSetPPC] #relevant_constraints=1'000 
  4.31e-02s  0.00e+00d  [FindAlmostIdenticalLinearConstraints] 
  1.26e+00s  1.00e+00d *[FindBigAtMostOneAndLinearOverlap] 
  1.54e-01s  2.51e-02d  [FindBigVerticalLinearOverlap] 
  3.29e-02s  0.00e+00d  [FindBigHorizontalLinearOverlap] 
  3.36e-02s  0.00e+00d  [MergeClauses] 
  5.66e-01s  0.00e+00d  [DetectDominanceRelations] 
  6.87e+00s  0.00e+00d  [PresolveToFixPoint] #num_loops=1 #num_dual_strengthening=1 
  7.51e-01s  0.00e+00d  [ExpandObjective] #entries=100'000'147 #tight_variables=102'622 #tight_constraints=912 

Presolve summary:
  - 1378 affine relations were detected.
  - rule 'TODO dual: only one blocking constraint?' was applied 6 times.
  - rule 'affine: new relation' was applied 1'378 times.
  - rule 'all_diff: permutation expanded' was applied 1 time.
  - rule 'cumulative: merged demand of identical interval' was applied 20 times.
  - rule 'cumulative: propagate min capacity.' was applied 2 times.
  - rule 'deductions: 2000000 stored' was applied 1 time.
  - rule 'duplicate: removed constraint' was applied 811 times.
  - rule 'intervals: change duplicate index inside constraint' was applied 20 times.
  - rule 'intervals: removed unused interval' was applied 20 times.
  - rule 'lin_max: converted to equality' was applied 378 times.
  - rule 'linear: always true' was applied 189 times.
  - rule 'linear: empty' was applied 189 times.
  - rule 'linear: fixed or dup variables' was applied 756 times.
  - rule 'linear: reduced variable domains' was applied 189 times.
  - rule 'linear: remapped using affine relations' was applied 3'756 times.
  - rule 'linear: simplified rhs' was applied 1'000'000 times.
  - rule 'new_bool: integer encoding' was applied 1'000'000 times.
  - rule 'presolve: 189 unused variables removed.' was applied 1 time.
  - rule 'presolve: iteration' was applied 2 times.
  - rule 'variables: add encoding constraint' was applied 1'000'000 times.

Presolved optimization model '': (model_fingerprint: 0xfc4af7440e88e994)
#Variables: 1'003'434 (#ints: 1 in objective)
  - 1'000'000 Booleans in [0,1]
  - 1'811 in [0,999]
  - 811 in [1,999]
  - 811 in [1,1000]
  - 1 in [3,1000]
#kCumulative: 1 (#intervals: 980, #variable_sizes: 811)
#kExactlyOne: 1'000 (#literals: 1'000'000)
#kInterval: 980
#kLinMax: 1'622 (#expressions: 5'174)
#kLinear1: 2'000'000 (#enforced: 2'000'000)
#kLinear3: 811
[Symmetry] Problem too large. Skipping. You can use symmetry_level:3 or more to force it.

Preloading model.
#Bound  73.61s best:inf   next:[3,1000]   initial_domain

Starting search at 73.61s with 1 workers.
1 full problem subsolver: [main]

[Encoding] 2000 literals associated to VAR >= value, and 0 half-associations.
[Encoding] 1000000 literals associated to VAR == value, and 0 half-associations.
[Encoding] num_fully_encoded_variables:1000
[Precedences] num_relations=0 num_clauses=999000
[Probing] deterministic_time: 1.00035 (limit: 1) wall_time: 2.45081 (Aborted 2251/1997000)
[EncodingLinearRelaxation] #tight_equality:0 #loose_equality:0 #inequality:1000
[LinearRelaxationBeforeCliqueExpansion] #linear:7986 #at_most_ones:1000
[FinalLinearRelaxation] #linear:5986 #cut_generators:0
Initial num_bool: 1997000

Starting subsolver 'main' hint search at 82.77s
Starting subsolver 'main' search at 82.77s
#1      85.59s best:600   next:[3,599]    main
#2      92.68s best:599   next:[3,598]    main
#3     185.89s best:583   next:[3,582]    main
#4     318.90s best:566   next:[3,565]    main
#5     453.40s best:565   next:[3,564]    main
#6     1281.15s best:564   next:[3,563]    main
#7     1311.97s best:563   next:[3,562]    main

Task timing           n [     min,      max]      avg      dev     time         n [     min,      max]      avg      dev    dtime
      'main':         1 [   5.98h,    5.98h]    5.98h   0.00ns    5.98h         1 [   3.56h,    3.56h]    3.56h   0.00ns    3.56h

Search stats        Bools  Conflicts    Branches  Restarts       BoolPropag  IntegerPropag
       'main':  2'059'518  3'325'756  24'334'069   236'304  121'650'201'397  1'393'147'472

SAT stats    ClassicMinim  LitRemoved  LitLearned  LitForgotten  Subsumed  MClauses  MDecisions  MLitTrue  MSubsumed  MLitRemoved  MReused
    'main':       598'241   1'625'786  44'264'176    33'100'227    13'258   230'877     461'754         0          0            0        0

Lp stats    Component  Iterations  AddedCuts     OPTIMAL  DUAL_F.  DUAL_U.
   'main':          1       6'860          0  18'263'088        0        0

Lp dimension      Final dimension of first component
       'main':  811 rows, 3433 columns, 2433 entries

Lp debug    CutPropag  CutEqPropag  Adjust  Overflow  Bad  BadScaling
   'main':          0            0       0         0    0           0

Lp pool    Constraints  Updates  Simplif  Merged  Shortened  Split  Strenghtened  Cuts/Call
  'main':        5'986        0        6       0          0      0             0        0/0

Solutions (7)    Num   Rank
        'main':    7  [1,7]

Objective bounds     Num
  'initial_domain':    1

Solution repositories    Added  Queried  Synchro
  'feasible solutions':      7        0        7
   'fj solution hints':      0        0        0

CpSolverResponse summary:
status: FEASIBLE
objective: 563
best_bound: 3
integers: 3434
booleans: 2059518
conflicts: 3325756
branches: 24334069
propagations: 121650201397
integer_propagations: 1393147472
restarts: 236304
lp_iterations: 6860
walltime: 21600.8
usertime: 21600.8
deterministic_time: 12802.8
gap_integral: 0
solution_fingerprint: 0x848283bd4cb6b699

--> APLICANDO TRANSPOSIÇÃO DE MATRIZ <--

--- Instância: ../../Instances/Frinhani/Random-1000-1000-2-1.txt_transposta ---
Dimensões Ativas -> Itens (Linhas): 1000 | Padrões (Colunas): 1000

Iniciando o solver OR-Tools (CP-SAT) v9.12.4544...
Threads permitidas: 1
Tempo limite configurado para: 21600.0 segundos (6.00h)

[AVISO] Limite de tempo esgotado. Melhor solução viável encontrada.
Máximo de Pilhas Abertas (Custo C): 563
Melhor Limite Inferior (Best Bound): 3
Gap de Otimalidade: 99.47%
Tempo de Execução: 21600.83s
Sequência de Padrões: 0 1 3 2 5 4 7 9 8 10 11 6 13 12 14 15 16 19 18 20 21 22 25 17 23 24 27 26 28 29 31 34 33 30 32 36 35 37 38 40 39 43 41 42 45 49 44 47 48 46 50 53 55 51 57 56 52 59 58 60 62 64 54 63 65 66 67 61 68 70 75 69 71 74 73 72 76 77 78 82 83 85 79 80 81 88 89 92 87 93 84 86 94 98 90 95 97 91 99 104 100 102 96 101 105 109 103 107 106 108 111 110 112 113 114 115 116 117 122 118 120 119 123 127 124 121 125 126 129 132 128 130 133 131 136 134 135 146 137 138 143 139 142 141 140 144 148 149 154 147 156 151 150 152 155 159 145 153 164 157 158 160 161 162 168 163 165 170 167 166 169 171 173 172 174 177 175 176 180 179 178 181 183 182 185 187 186 184 188 189 190 192 191 195 194 198 193 197 196 200 201 203 199 202 204 206 205 207 208 211 209 215 210 212 213 214 217 219 218 216 227 220 226 221 222 223 224 225 228 229 230 232 236 235 237 233 231 234 240 239 238 245 241 243 247 242 244 246 250 249 255 261 253 248 251 252 257 254 259 256 262 258 264 260 263 270 268 265 267 266 271 272 273 269 274 277 279 278 275 284 280 288 276 282 283 287 285 281 286 289 290 292 291 294 293 295 296 299 297 298 300 303 302 304 306 307 308 301 305 309 310 311 312 313 314 315 318 317 322 316 319 321 323 320 327 324 329 325 328 330 326 333 331 334 336 332 335 337 338 340 342 341 339 344 345 349 343 347 350 346 360 348 354 355 351 356 353 357 352 359 358 362 364 361 372 375 377 383 402 999 998 366 384 394 363 406 996 397 995 371 370 994 407 409 410 417 411 419 380 412 427 374 378 376 379 381 420 428 386 431 430 387 382 993 422 437 425 385 435 391 433 388 390 992 395 447 454 468 393 392 399 448 398 991 442 458 989 988 987 997 985 459 408 418 471 455 424 472 986 414 984 426 440 480 990 432 416 475 423 438 452 463 482 983 439 434 449 476 444 491 473 436 982 445 453 443 478 518 450 502 509 446 512 511 519 461 522 462 456 460 457 464 465 980 524 467 484 469 470 479 481 477 483 474 487 486 488 489 508 492 525 528 496 490 485 981 494 978 529 977 498 500 504 499 507 501 976 975 506 514 510 515 516 513 517 523 520 521 527 532 544 526 533 535 539 536 538 534 540 530 537 543 979 974 542 545 541 549 547 550 546 552 551 553 560 554 555 556 558 559 561 562 557 565 563 564 566 567 568 571 569 570 573 574 576 575 572 577 580 582 583 578 579 584 586 581 589 590 585 587 588 591 592 593 595 594 597 596 601 598 599 600 608 604 605 606 602 609 611 603 610 612 613 607 614 615 616 617 618 620 619 621 624 623 630 622 626 625 629 628 627 631 632 633 634 635 637 636 640 638 641 643 639 646 642 647 644 648 649 650 645 651 652 653 654 659 658 655 656 657 660 661 663 664 662 668 665 667 666 672 669 670 676 673 671 675 674 677 683 681 678 679 680 690 685 684 686 688 689 687 692 696 682 693 691 694 697 698 700 707 699 703 701 706 702 704 708 695 711 709 710 705 713 712 714 716 715 717 718 720 719 721 722 724 723 725 727 729 726 730 728 731 732 735 740 734 736 733 747 739 737 741 749 742 738 743 746 745 744 751 750 752 753 754 748 755 763 757 756 759 758 760 761 764 766 767 768 765 769 762 771 774 773 770 775 772 776 780 777 778 779 781 782 783 784 790 785 786 788 787 791 789 792 793 796 795 794 797 798 803 799 801 800 802 809 805 807 804 806 808 810 812 811 813 816 814 817 815 820 819 822 824 826 821 818 825 827 829 828 823 830 833 837 838 834 831 832 835 836 839 840 841 843 842 847 845 846 844 851 848 852 849 850 853 854 858 855 856 860 862 859 857 861 863 866 865 868 869 867 864 870 871 874 872 875 877 876 873 878 880 881 883 884 879 886 885 888 882 889 890 899 891 887 893 892 901 894 897 895 898 896 900 903 902 905 904 907 906 908 910 912 913 915 909 911 918 916 914 922 917 919 920 924 921 926 923 932 934 925 927 928 929 930 931 933 937 936 941 935 938 939 940 944 942 948 945 946 947 943 950 952 949 951 955 954 956 953 957 959 958 960 961 963 962 964 965 966 969 967 972 971 973 968 970 548 531 505 503 497 495 493 466 451 441 429 421 415 413 405 404 403 401 400 396 389 373 369 368 367 365
--> Log gravado no arquivo 'resultados_mosp.csv' com status: FEASIBLE

Starting CP-SAT solver v9.12.4544
Parameters: max_time_in_seconds: 3600 log_search_progress: true search_branching: PORTFOLIO_SEARCH num_search_workers: 1

Initial optimization model '': (model_fingerprint: 0xa70df629ea13f011)
#Variables: 5'001 (#ints: 1 in objective)
  - 3'000 in [0,999]
  - 1 in [0,1000]
  - 2'000 in [1,1000]
#kAllDiff: 1
#kCumulative: 1 (#intervals: 1'000, #variable_sizes: 1'000)
#kInterval: 1'000
#kLinMax: 2'000 (#expressions: 5'552)
#kLinear2: 1'000
#kLinear3: 1'000

Starting presolve at 0.00s
  1.56e-03s  0.00e+00d  [DetectDominanceRelations] 
  3.73e-01s  0.00e+00d  [PresolveToFixPoint] #num_loops=3 #num_dual_strengthening=1 
  1.11e-04s  0.00e+00d  [ExtractEncodingFromLinear] 
  3.95e-01s  0.00e+00d  [DetectDuplicateColumns] 
  8.65e-01s  0.00e+00d  [DetectDuplicateConstraints] #duplicates=811 
[Symmetry] Problem too large. Skipping. You can use symmetry_level:3 or more to force it.
  1.18e+00s  0.00e+00d  [DetectDuplicateConstraintsWithDifferentEnforcements] 
  9.27e+00s  1.00e+00d *[Probe] #probed=3'734 #new_bounds=811 
  3.01e-02s  0.00e+00d  [MaxClique] 

Starting CP-SAT solver v9.12.4544
Parameters: max_time_in_seconds: 3600 log_search_progress: true search_branching: PORTFOLIO_SEARCH num_search_workers: 1

Initial optimization model '': (model_fingerprint: 0xb5e405e0fc080e51)
#Variables: 4'001 (#ints: 1 in objective)
  - 2'400 in [0,799]
  - 1 in [0,800]
  - 1'600 in [1,800]
#kAllDiff: 1
#kCumulative: 1 (#intervals: 800, #variable_sizes: 800)
#kInterval: 800
#kLinMax: 1'600 (#expressions: 4'284)
#kLinear2: 800
#kLinear3: 800

Starting presolve at 0.00s
  1.28e-03s  0.00e+00d  [DetectDominanceRelations] 
  2.53e-01s  0.00e+00d  [PresolveToFixPoint] #num_loops=3 #num_dual_strengthening=1 
  1.05e-04s  0.00e+00d  [ExtractEncodingFromLinear] 
  1.47e-01s  0.00e+00d  [DetectDuplicateColumns] 
  1.69e-01s  0.00e+00d  [DetectDuplicateConstraints] #duplicates=638 
[Symmetry] Graph for symmetry has 2'573'256 nodes and 3'855'754 arcs.
[Symmetry] Graph too large. Skipping. You can use symmetry_level:3 or more to force it.
  7.42e-01s  0.00e+00d  [DetectDominanceRelations] 
  1.65e+01s  0.00e+00d  [PresolveToFixPoint] #num_loops=2 #num_dual_strengthening=1 
  2.63e-01s  0.00e+00d  [DetectDuplicateConstraintsWithDifferentEnforcements] 
  5.40e+00s  1.00e+00d *[Probe] #probed=5'562 #new_bounds=638 
  1.96e-02s  0.00e+00d  [MaxClique] 
  2.18e-01s  0.00e+00d  [ProcessAtMostOneAndLinear] 
  1.12e+00s  0.00e+00d  [DetectDuplicateConstraints] 
  1.35e+00s  0.00e+00d  [DetectDuplicateConstraintsWithDifferentEnforcements] 
  5.52e-02s  7.30e-06d  [DetectDominatedLinearConstraints] #relevant_constraints=811 
  4.93e-02s  0.00e+00d  [DetectDifferentVariables] 
  1.97e-01s  3.00e-03d  [ProcessSetPPC] #relevant_constraints=1'000 
  6.12e-02s  0.00e+00d  [FindAlmostIdenticalLinearConstraints] 

Starting CP-SAT solver v9.12.4544
Parameters: max_time_in_seconds: 3600 log_search_progress: true search_branching: PORTFOLIO_SEARCH num_search_workers: 1

Initial optimization model '': (model_fingerprint: 0xc16bfd732135423e)
#Variables: 3'001 (#ints: 1 in objective)
  - 1'800 in [0,599]
  - 1 in [0,600]
  - 1'200 in [1,600]
#kAllDiff: 1
#kCumulative: 1 (#intervals: 600, #variable_sizes: 600)
#kInterval: 600
#kLinMax: 1'200 (#expressions: 3'236)
#kLinear2: 600
#kLinear3: 600

Starting presolve at 0.00s
  1.03e-03s  0.00e+00d  [DetectDominanceRelations] 
  1.73e-01s  0.00e+00d  [PresolveToFixPoint] #num_loops=3 #num_dual_strengthening=1 
  6.73e-05s  0.00e+00d  [ExtractEncodingFromLinear] 
  1.49e+00s  1.00e+00d *[FindBigAtMostOneAndLinearOverlap] 
  3.93e-01s  2.51e-02d  [FindBigVerticalLinearOverlap] 
  4.92e-02s  0.00e+00d  [FindBigHorizontalLinearOverlap] 
  4.30e-02s  0.00e+00d  [MergeClauses] 
  8.06e-02s  0.00e+00d  [DetectDuplicateColumns] 
  8.81e-02s  0.00e+00d  [DetectDuplicateConstraints] #duplicates=458 
[Symmetry] Graph for symmetry has 1'449'800 nodes and 2'171'574 arcs.
[Symmetry] Graph too large. Skipping. You can use symmetry_level:3 or more to force it.
  1.46e-01s  0.00e+00d  [DetectDuplicateConstraintsWithDifferentEnforcements] 
  3.41e+00s  1.00e+00d *[Probe] #probed=8'356 #new_bounds=458 
  1.01e-02s  0.00e+00d  [MaxClique] 
  4.12e-01s  0.00e+00d  [DetectDominanceRelations] 
  1.04e+01s  0.00e+00d  [PresolveToFixPoint] #num_loops=2 #num_dual_strengthening=1 
  1.23e-01s  0.00e+00d  [ProcessAtMostOneAndLinear] 
  1.69e-01s  0.00e+00d  [DetectDuplicateConstraints] 
  1.93e-01s  0.00e+00d  [DetectDuplicateConstraintsWithDifferentEnforcements] 
  2.73e-02s  5.74e-06d  [DetectDominatedLinearConstraints] #relevant_constraints=638 
  2.36e-02s  0.00e+00d  [DetectDifferentVariables] 
  1.11e-01s  1.92e-03d  [ProcessSetPPC] #relevant_constraints=800 
  3.01e-02s  0.00e+00d  [FindAlmostIdenticalLinearConstraints] 
  1.28e+00s  1.00e+00d *[FindBigAtMostOneAndLinearOverlap] 
  8.94e-02s  1.61e-02d  [FindBigVerticalLinearOverlap] 
  2.42e-02s  0.00e+00d  [FindBigHorizontalLinearOverlap] 
  2.40e-02s  0.00e+00d  [MergeClauses] 
  6.78e-01s  0.00e+00d  [DetectDominanceRelations] 
  8.50e+00s  0.00e+00d  [PresolveToFixPoint] #num_loops=1 #num_dual_strengthening=1 

Starting CP-SAT solver v9.12.4544
Parameters: max_time_in_seconds: 3600 log_search_progress: true search_branching: PORTFOLIO_SEARCH num_search_workers: 1

Initial optimization model '': (model_fingerprint: 0xd28717edb9c56785)
#Variables: 2'001 (#ints: 1 in objective)
  - 1'200 in [0,399]
  - 1 in [0,400]
  - 800 in [1,400]
#kAllDiff: 1
#kCumulative: 1 (#intervals: 400, #variable_sizes: 400)
#kInterval: 400
#kLinMax: 800 (#expressions: 2'202)
#kLinear2: 400
#kLinear3: 400

Starting presolve at 0.00s
  6.66e-04s  0.00e+00d  [DetectDominanceRelations] 
  7.17e-02s  0.00e+00d  [PresolveToFixPoint] #num_loops=3 #num_dual_strengthening=1 
  6.67e-05s  0.00e+00d  [ExtractEncodingFromLinear] 
  2.32e-01s  0.00e+00d  [DetectDominanceRelations] 
  5.61e+00s  0.00e+00d  [PresolveToFixPoint] #num_loops=2 #num_dual_strengthening=1 
  6.46e-02s  0.00e+00d  [ProcessAtMostOneAndLinear] 
  8.90e-02s  0.00e+00d  [DetectDuplicateConstraints] 
  1.06e-01s  0.00e+00d  [DetectDuplicateConstraintsWithDifferentEnforcements] 
  1.76e-02s  4.12e-06d  [DetectDominatedLinearConstraints] #relevant_constraints=458 
  1.69e-02s  0.00e+00d  [DetectDifferentVariables] 
  3.50e-02s  0.00e+00d  [DetectDuplicateColumns] 
  3.79e-02s  0.00e+00d  [DetectDuplicateConstraints] #duplicates=322 
  6.70e-02s  1.08e-03d  [ProcessSetPPC] #relevant_constraints=600 
  2.10e-02s  0.00e+00d  [FindAlmostIdenticalLinearConstraints] 
[Symmetry] Graph for symmetry has 646'651 nodes and 967'978 arcs.
[Symmetry] Symmetry computation done. time: 0.395772 dtime: 0.308667
[Symmetry] #generators: 2, average support size: 802
[Symmetry] 802 orbits on 1604 variables with sizes: 2,2,2,2,2,2,2,2,2,2,...
[Symmetry] Num fixable by intersecting at_most_one with orbits: 2 largest_orbit: 2
[Symmetry] Found orbitope of size 401 x 2
  1.35e+00s  1.00e+00d *[FindBigAtMostOneAndLinearOverlap] 
  5.95e-02s  9.05e-03d  [FindBigVerticalLinearOverlap] 
  1.39e-02s  0.00e+00d  [FindBigHorizontalLinearOverlap] 
  1.25e-02s  0.00e+00d  [MergeClauses] 
  4.28e-01s  0.00e+00d  [DetectDominanceRelations] 
  5.22e+00s  0.00e+00d  [PresolveToFixPoint] #num_loops=1 #num_dual_strengthening=1 
  3.75e-02s  0.00e+00d  [DetectDuplicateConstraintsWithDifferentEnforcements] 
  2.13e+00s  1.00e+00d *[Probe] #probed=14'360 #new_bounds=324 #new_binary_clauses=517 
  3.97e-03s  0.00e+00d  [MaxClique] 
  2.28e-01s  0.00e+00d  [DetectDominanceRelations] 
  2.81e+00s  0.00e+00d  [PresolveToFixPoint] #num_loops=1 #num_dual_strengthening=1 
  1.00e-01s  0.00e+00d  [DetectDominanceRelations] 
  2.38e+00s  0.00e+00d  [PresolveToFixPoint] #num_loops=2 #num_dual_strengthening=1 
  2.89e-02s  0.00e+00d  [ProcessAtMostOneAndLinear] 
  3.00e-02s  0.00e+00d  [DetectDuplicateConstraints] 
  3.62e-02s  0.00e+00d  [DetectDuplicateConstraintsWithDifferentEnforcements] 
  7.09e-03s  2.90e-06d  [DetectDominatedLinearConstraints] #relevant_constraints=322 
  6.11e-03s  0.00e+00d  [DetectDifferentVariables] 
  2.55e-02s  4.80e-04d  [ProcessSetPPC] #relevant_constraints=400 
  8.41e-03s  0.00e+00d  [FindAlmostIdenticalLinearConstraints] 
  6.63e-01s  0.00e+00d  [DetectDominanceRelations] 
  8.29e+00s  0.00e+00d  [PresolveToFixPoint] #num_loops=1 #num_dual_strengthening=1 
  2.19e-01s  0.00e+00d  [DetectDuplicateColumns] 
  1.28e+00s  1.00e+00d *[FindBigAtMostOneAndLinearOverlap] 
  2.16e-02s  4.04e-03d  [FindBigVerticalLinearOverlap] 
  6.23e-03s  0.00e+00d  [FindBigHorizontalLinearOverlap] 
  5.95e-03s  0.00e+00d  [MergeClauses] 
  8.74e-01s  0.00e+00d  [DetectDuplicateConstraints] 
  4.15e-01s  0.00e+00d  [DetectDominanceRelations] 
  5.11e+00s  0.00e+00d  [PresolveToFixPoint] #num_loops=1 #num_dual_strengthening=1 
[Symmetry] Problem too large. Skipping. You can use symmetry_level:3 or more to force it.
  2.32e-01s  0.00e+00d  [DetectDominanceRelations] 
  2.71e+00s  0.00e+00d  [PresolveToFixPoint] #num_loops=1 #num_dual_strengthening=1 
  7.12e-02s  0.00e+00d  [DetectDuplicateColumns] 
  1.50e-01s  0.00e+00d  [DetectDuplicateColumns] 
  8.36e-02s  0.00e+00d  [DetectDuplicateConstraints] 
  2.20e-01s  0.00e+00d  [DetectDuplicateConstraints] 
[Symmetry] Graph for symmetry has 1'449'791 nodes and 2'171'565 arcs.
[Symmetry] Graph too large. Skipping. You can use symmetry_level:3 or more to force it.
  1.01e-01s  0.00e+00d  [DetectDominanceRelations] 
  1.21e+00s  0.00e+00d  [PresolveToFixPoint] #num_loops=1 #num_dual_strengthening=1 
[Symmetry] Graph for symmetry has 2'573'243 nodes and 3'855'741 arcs.
[Symmetry] Graph too large. Skipping. You can use symmetry_level:3 or more to force it.
  1.01e-01s  0.00e+00d  [DetectDominanceRelations] 
  1.15e+00s  0.00e+00d  [PresolveToFixPoint] #num_loops=1 #num_dual_strengthening=1 
  2.52e-02s  0.00e+00d  [DetectDuplicateColumns] 
  3.38e-02s  0.00e+00d  [DetectDuplicateConstraints] 
[Symmetry] Graph for symmetry has 646'639 nodes and 967'960 arcs.
[Symmetry] Symmetry computation done. time: 0.41893 dtime: 0.332895
  1.04e-01s  0.00e+00d  [DetectDuplicateConstraintsWithDifferentEnforcements] 
  3.27e+00s  1.00e+00d *[Probe] #probed=8'818 
  2.78e-02s  0.00e+00d  [MaxClique] 
  3.55e-02s  0.00e+00d  [DetectDuplicateConstraintsWithDifferentEnforcements] 
  2.09e+00s  1.00e+00d *[Probe] #probed=14'688 
  4.00e-03s  0.00e+00d  [MaxClique] 
  1.00e-01s  0.00e+00d  [DetectDominanceRelations] 
  1.14e+00s  0.00e+00d  [PresolveToFixPoint] #num_loops=1 #num_dual_strengthening=1 
  3.02e-02s  0.00e+00d  [ProcessAtMostOneAndLinear] 
  3.28e-02s  0.00e+00d  [DetectDuplicateConstraints] 
  3.52e-02s  0.00e+00d  [DetectDuplicateConstraintsWithDifferentEnforcements] 
  7.08e-03s  2.90e-06d  [DetectDominatedLinearConstraints] #relevant_constraints=322 
  5.99e-03s  0.00e+00d  [DetectDifferentVariables] 
  2.55e-02s  4.80e-04d  [ProcessSetPPC] #relevant_constraints=400 
  8.50e-03s  0.00e+00d  [FindAlmostIdenticalLinearConstraints] 
  2.01e-01s  0.00e+00d  [DetectDuplicateConstraintsWithDifferentEnforcements] 
  5.19e+00s  1.00e+00d *[Probe] #probed=6'184 
  1.60e-02s  0.00e+00d  [MaxClique] 
  2.26e-01s  0.00e+00d  [DetectDominanceRelations] 
  2.74e+00s  0.00e+00d  [PresolveToFixPoint] #num_loops=1 #num_dual_strengthening=1 
  6.23e-02s  0.00e+00d  [ProcessAtMostOneAndLinear] 
  7.99e-02s  0.00e+00d  [DetectDuplicateConstraints] 
  9.33e-02s  0.00e+00d  [DetectDuplicateConstraintsWithDifferentEnforcements] 
  1.55e-02s  4.12e-06d  [DetectDominatedLinearConstraints] #relevant_constraints=458 
  1.37e-02s  0.00e+00d  [DetectDifferentVariables] 
  5.99e-02s  1.08e-03d  [ProcessSetPPC] #relevant_constraints=600 
  1.79e-02s  0.00e+00d  [FindAlmostIdenticalLinearConstraints] 
  1.28e+00s  1.00e+00d *[FindBigAtMostOneAndLinearOverlap] 
  3.70e-02s  4.04e-03d  [FindBigVerticalLinearOverlap] 
  5.76e-03s  0.00e+00d  [FindBigHorizontalLinearOverlap] 
  5.82e-03s  0.00e+00d  [MergeClauses] 
  9.74e-01s  0.00e+00d  [DetectDuplicateConstraintsWithDifferentEnforcements] 
  8.37e+00s  1.00e+00d *[Probe] #probed=4'500 
  2.59e-02s  0.00e+00d  [MaxClique] 
  1.34e+00s  1.00e+00d *[FindBigAtMostOneAndLinearOverlap] 
  6.02e-02s  9.05e-03d  [FindBigVerticalLinearOverlap] 
  1.35e-02s  0.00e+00d  [FindBigHorizontalLinearOverlap] 
  1.31e-02s  0.00e+00d  [MergeClauses] 
  1.02e-01s  0.00e+00d  [DetectDominanceRelations] 
  1.16e+00s  0.00e+00d  [PresolveToFixPoint] #num_loops=1 #num_dual_strengthening=1 
  6.54e-01s  0.00e+00d  [ExpandObjective] #entries=63'839'694 #tight_variables=160'642 #tight_constraints=722 

Presolve summary:
  - 556 affine relations were detected.
  - rule 'TODO dual: only one blocking constraint?' was applied 6 times.
  - rule 'affine: new relation' was applied 556 times.
  - rule 'all_diff: permutation expanded' was applied 1 time.
  - rule 'cumulative: merged demand of identical interval' was applied 6 times.
  - rule 'cumulative: propagate min capacity.' was applied 2 times.
  - rule 'deductions: 319996 stored' was applied 1 time.
  - rule 'duplicate: removed constraint' was applied 322 times.
  - rule 'enforcement: false literal' was applied 2 times.
  - rule 'enforcement: true literal' was applied 2 times.
  - rule 'exactly_one: removed literals' was applied 1 time.
  - rule 'intervals: change duplicate index inside constraint' was applied 6 times.
  - rule 'intervals: removed unused interval' was applied 6 times.
  - rule 'lin_max: converted to equality' was applied 156 times.
  - rule 'linear: always true' was applied 80 times.
  - rule 'linear: empty' was applied 78 times.
  - rule 'linear: fixed or dup variables' was applied 312 times.
  - rule 'linear: reduced variable domains' was applied 78 times.
  - rule 'linear: remapped using affine relations' was applied 1'512 times.
  - rule 'linear: simplified rhs' was applied 159'998 times.
  - rule 'new_bool: integer encoding' was applied 160'000 times.
  - rule 'presolve: 80 unused variables removed.' was applied 1 time.
  - rule 'presolve: iteration' was applied 2 times.
  - rule 'symmetry: fixed to false in general orbit' was applied 2 times.
  - rule 'variables: add encoding constraint' was applied 160'000 times.

Presolved optimization model '': (model_fingerprint: 0x43d77e06ea591d6e)
#Variables: 161'365 (#ints: 1 in objective)
  - 159'998 Booleans in [0,1]
  - 720 in [0,399]
  - 324 in [1,399]
  - 322 in [1,400]
  - 1 in [2,400]
#kCumulative: 1 (#intervals: 394, #variable_sizes: 322)
#kExactlyOne: 400 (#literals: 159'998)
#kInterval: 394
#kLinMax: 644 (#expressions: 2'046)
#kLinear1: 319'996 (#enforced: 319'996)
#kLinear3: 322
[Symmetry] Graph for symmetry has 646'003 nodes and 967'960 arcs.
[Symmetry] Symmetry computation done. time: 0.403283 dtime: 0.332857

Preloading model.
#Bound  18.04s best:inf   next:[2,400]    initial_domain

Starting search at 18.04s with 1 workers.
1 full problem subsolver: [main]

[Encoding] 800 literals associated to VAR >= value, and 0 half-associations.
[Encoding] 159998 literals associated to VAR == value, and 0 half-associations.
[Encoding] num_fully_encoded_variables:400
[Precedences] num_relations=0 num_clauses=159598
  2.31e-01s  0.00e+00d  [DetectDominanceRelations] 
  2.77e+00s  0.00e+00d  [PresolveToFixPoint] #num_loops=1 #num_dual_strengthening=1 
  4.08e-01s  0.00e+00d  [DetectDominanceRelations] 
  5.14e+00s  0.00e+00d  [PresolveToFixPoint] #num_loops=1 #num_dual_strengthening=1 
  1.17e-01s  0.00e+00d  [ProcessAtMostOneAndLinear] 
  1.65e-01s  0.00e+00d  [DetectDuplicateConstraints] 
  1.88e-01s  0.00e+00d  [DetectDuplicateConstraintsWithDifferentEnforcements] 
  2.74e-02s  5.74e-06d  [DetectDominatedLinearConstraints] #relevant_constraints=638 
  2.38e-02s  0.00e+00d  [DetectDifferentVariables] 
[Probing] deterministic_time: 1.00005 (limit: 1) wall_time: 1.4083 (Aborted 7344/318796)
  1.08e-01s  1.92e-03d  [ProcessSetPPC] #relevant_constraints=800 
  3.03e-02s  0.00e+00d  [FindAlmostIdenticalLinearConstraints] 
  1.08e+00s  0.00e+00d  [ExpandObjective] #entries=100'000'090 #tight_variables=168'316 #tight_constraints=737 

Presolve summary:
  - 884 affine relations were detected.
  - rule 'TODO dual: only one blocking constraint?' was applied 6 times.
  - rule 'affine: new relation' was applied 884 times.
  - rule 'all_diff: permutation expanded' was applied 1 time.
  - rule 'cumulative: merged demand of identical interval' was applied 9 times.
  - rule 'cumulative: propagate min capacity.' was applied 2 times.
  - rule 'deductions: 720000 stored' was applied 1 time.
  - rule 'duplicate: removed constraint' was applied 458 times.
  - rule 'intervals: change duplicate index inside constraint' was applied 9 times.
  - rule 'intervals: removed unused interval' was applied 9 times.
  - rule 'lin_max: converted to equality' was applied 284 times.
  - rule 'linear: always true' was applied 142 times.
  - rule 'linear: empty' was applied 142 times.
  - rule 'linear: fixed or dup variables' was applied 568 times.
  - rule 'linear: reduced variable domains' was applied 142 times.
  - rule 'linear: remapped using affine relations' was applied 2'368 times.
  - rule 'linear: simplified rhs' was applied 360'000 times.
  - rule 'new_bool: integer encoding' was applied 360'000 times.
  - rule 'presolve: 142 unused variables removed.' was applied 1 time.
  - rule 'presolve: iteration' was applied 2 times.
  - rule 'variables: add encoding constraint' was applied 360'000 times.

Presolved optimization model '': (model_fingerprint: 0x6a4d98ba5491bbb6)
#Variables: 361'975 (#ints: 1 in objective)
  - 360'000 Booleans in [0,1]
  - 1'058 in [0,599]
  - 458 in [1,599]
  - 458 in [1,600]
  - 1 in [2,600]
#kCumulative: 1 (#intervals: 591, #variable_sizes: 458)
#kExactlyOne: 600 (#literals: 360'000)
#kInterval: 591
#kLinMax: 916 (#expressions: 2'952)
#kLinear1: 720'000 (#enforced: 720'000)
#kLinear3: 458
[EncodingLinearRelaxation] #tight_equality:0 #loose_equality:0 #inequality:400
[LinearRelaxationBeforeCliqueExpansion] #linear:3169 #at_most_ones:400
[FinalLinearRelaxation] #linear:2369 #cut_generators:0
Initial num_bool: 318796

Starting subsolver 'main' hint search at 21.16s
Starting subsolver 'main' search at 21.16s
[Symmetry] Graph for symmetry has 1'448'765 nodes and 2'171'565 arcs.
[Symmetry] Graph too large. Skipping. You can use symmetry_level:3 or more to force it.

Preloading model.
#Bound  32.72s best:inf   next:[2,600]    initial_domain

Starting search at 32.72s with 1 workers.
1 full problem subsolver: [main]

  1.28e+00s  1.00e+00d *[FindBigAtMostOneAndLinearOverlap] 
  9.94e-02s  1.61e-02d  [FindBigVerticalLinearOverlap] 
  2.34e-02s  0.00e+00d  [FindBigHorizontalLinearOverlap] 
  2.33e-02s  0.00e+00d  [MergeClauses] 
[Encoding] 1200 literals associated to VAR >= value, and 0 half-associations.
[Encoding] 360000 literals associated to VAR == value, and 0 half-associations.
[Encoding] num_fully_encoded_variables:600
#1      23.02s best:241   next:[2,240]    main
[Precedences] num_relations=0 num_clauses=359400
  6.94e-01s  0.00e+00d  [DetectDominanceRelations] 
  8.08e+00s  0.00e+00d  [PresolveToFixPoint] #num_loops=1 #num_dual_strengthening=1 
[Probing] deterministic_time: 1.00017 (limit: 1) wall_time: 1.60827 (Aborted 4409/718200)
  1.83e-01s  0.00e+00d  [ProcessAtMostOneAndLinear] 
  7.83e-01s  0.00e+00d  [DetectDuplicateConstraints] 
#2      25.85s best:240   next:[2,239]    main
[EncodingLinearRelaxation] #tight_equality:0 #loose_equality:0 #inequality:600
[LinearRelaxationBeforeCliqueExpansion] #linear:4611 #at_most_ones:600
[FinalLinearRelaxation] #linear:3411 #cut_generators:0
Initial num_bool: 718200

Starting subsolver 'main' hint search at 37.42s
Starting subsolver 'main' search at 37.42s
#3      26.21s best:239   next:[2,238]    main
  1.03e+00s  0.00e+00d  [DetectDuplicateConstraintsWithDifferentEnforcements] 
  4.78e-02s  7.30e-06d  [DetectDominatedLinearConstraints] #relevant_constraints=811 
  4.14e-02s  0.00e+00d  [DetectDifferentVariables] 
  4.11e-01s  0.00e+00d  [DetectDominanceRelations] 
  5.13e+00s  0.00e+00d  [PresolveToFixPoint] #num_loops=1 #num_dual_strengthening=1 
  1.87e-01s  3.00e-03d  [ProcessSetPPC] #relevant_constraints=1'000 
  5.37e-02s  0.00e+00d  [FindAlmostIdenticalLinearConstraints] 
  8.93e-01s  0.00e+00d  [ExpandObjective] #entries=100'000'598 #tight_variables=126'876 #tight_constraints=795 

Presolve summary:
  - 1124 affine relations were detected.
  - rule 'TODO dual: only one blocking constraint?' was applied 6 times.
  - rule 'affine: new relation' was applied 1'124 times.
  - rule 'all_diff: permutation expanded' was applied 1 time.
  - rule 'cumulative: merged demand of identical interval' was applied 13 times.
  - rule 'cumulative: propagate min capacity.' was applied 2 times.
  - rule 'deductions: 1280000 stored' was applied 1 time.
  - rule 'duplicate: removed constraint' was applied 638 times.
  - rule 'intervals: change duplicate index inside constraint' was applied 13 times.
  - rule 'intervals: removed unused interval' was applied 13 times.
  - rule 'lin_max: converted to equality' was applied 324 times.
  - rule 'linear: always true' was applied 162 times.
  - rule 'linear: empty' was applied 162 times.
  - rule 'linear: fixed or dup variables' was applied 648 times.
  - rule 'linear: reduced variable domains' was applied 162 times.
  - rule 'linear: remapped using affine relations' was applied 3'048 times.
  - rule 'linear: simplified rhs' was applied 640'000 times.
  - rule 'new_bool: integer encoding' was applied 640'000 times.
  - rule 'presolve: 162 unused variables removed.' was applied 1 time.
  - rule 'presolve: iteration' was applied 2 times.
  - rule 'variables: add encoding constraint' was applied 640'000 times.
  1.44e+00s  1.00e+00d *[FindBigAtMostOneAndLinearOverlap] 
  1.88e-01s  2.51e-02d  [FindBigVerticalLinearOverlap] 
  4.09e-02s  0.00e+00d  [FindBigHorizontalLinearOverlap] 
  4.03e-02s  0.00e+00d  [MergeClauses] 

#4      29.17s best:238   next:[2,237]    main
Presolved optimization model '': (model_fingerprint: 0x3a193acbecdbbc68)
#Variables: 642'715 (#ints: 1 in objective)
  - 640'000 Booleans in [0,1]
  - 1'438 in [0,799]
  - 638 in [1,799]
  - 638 in [1,800]
  - 1 in [2,800]
#kCumulative: 1 (#intervals: 787, #variable_sizes: 638)
#kExactlyOne: 800 (#literals: 640'000)
#kInterval: 787
#kLinMax: 1'276 (#expressions: 3'960)
#kLinear1: 1'280'000 (#enforced: 1'280'000)
#kLinear3: 638
[Symmetry] Graph for symmetry has 2'571'957 nodes and 3'855'741 arcs.
[Symmetry] Graph too large. Skipping. You can use symmetry_level:3 or more to force it.

Preloading model.
#Bound  54.87s best:inf   next:[2,800]    initial_domain

Starting search at 54.87s with 1 workers.
1 full problem subsolver: [main]

[Encoding] 1600 literals associated to VAR >= value, and 0 half-associations.
[Encoding] 640000 literals associated to VAR == value, and 0 half-associations.
[Encoding] num_fully_encoded_variables:800
[Precedences] num_relations=0 num_clauses=639200
[Probing] deterministic_time: 1.00017 (limit: 1) wall_time: 2.13145 (Aborted 3092/1277600)
  6.68e-01s  0.00e+00d  [DetectDominanceRelations] 
#5      36.90s best:237   next:[2,236]    main
  8.05e+00s  0.00e+00d  [PresolveToFixPoint] #num_loops=1 #num_dual_strengthening=1 
[EncodingLinearRelaxation] #tight_equality:0 #loose_equality:0 #inequality:800
[LinearRelaxationBeforeCliqueExpansion] #linear:6199 #at_most_ones:800
[FinalLinearRelaxation] #linear:4599 #cut_generators:0
Initial num_bool: 1277600

Starting subsolver 'main' hint search at 62.14s
Starting subsolver 'main' search at 62.14s
  8.56e-01s  0.00e+00d  [ExpandObjective] #entries=100'000'147 #tight_variables=102'622 #tight_constraints=912 

Presolve summary:
  - 1378 affine relations were detected.
  - rule 'TODO dual: only one blocking constraint?' was applied 6 times.
  - rule 'affine: new relation' was applied 1'378 times.
  - rule 'all_diff: permutation expanded' was applied 1 time.
  - rule 'cumulative: merged demand of identical interval' was applied 20 times.
  - rule 'cumulative: propagate min capacity.' was applied 2 times.
  - rule 'deductions: 2000000 stored' was applied 1 time.
  - rule 'duplicate: removed constraint' was applied 811 times.
  - rule 'intervals: change duplicate index inside constraint' was applied 20 times.
  - rule 'intervals: removed unused interval' was applied 20 times.
  - rule 'lin_max: converted to equality' was applied 378 times.
  - rule 'linear: always true' was applied 189 times.
  - rule 'linear: empty' was applied 189 times.
  - rule 'linear: fixed or dup variables' was applied 756 times.
  - rule 'linear: reduced variable domains' was applied 189 times.
  - rule 'linear: remapped using affine relations' was applied 3'756 times.
  - rule 'linear: simplified rhs' was applied 1'000'000 times.
  - rule 'new_bool: integer encoding' was applied 1'000'000 times.
  - rule 'presolve: 189 unused variables removed.' was applied 1 time.
  - rule 'presolve: iteration' was applied 2 times.
  - rule 'variables: add encoding constraint' was applied 1'000'000 times.

Presolved optimization model '': (model_fingerprint: 0xfc4af7440e88e994)
#Variables: 1'003'434 (#ints: 1 in objective)
  - 1'000'000 Booleans in [0,1]
  - 1'811 in [0,999]
  - 811 in [1,999]
  - 811 in [1,1000]
  - 1 in [3,1000]
#kCumulative: 1 (#intervals: 980, #variable_sizes: 811)
#kExactlyOne: 1'000 (#literals: 1'000'000)
#kInterval: 980
#kLinMax: 1'622 (#expressions: 5'174)
#kLinear1: 2'000'000 (#enforced: 2'000'000)
#kLinear3: 811
[Symmetry] Problem too large. Skipping. You can use symmetry_level:3 or more to force it.

Preloading model.
#Bound  88.10s best:inf   next:[3,1000]   initial_domain

Starting search at 88.10s with 1 workers.
1 full problem subsolver: [main]

[Encoding] 2000 literals associated to VAR >= value, and 0 half-associations.
[Encoding] 1000000 literals associated to VAR == value, and 0 half-associations.
[Encoding] num_fully_encoded_variables:1000
[Precedences] num_relations=0 num_clauses=999000
[Probing] deterministic_time: 1.00035 (limit: 1) wall_time: 2.81788 (Aborted 2251/1997000)
[EncodingLinearRelaxation] #tight_equality:0 #loose_equality:0 #inequality:1000
[LinearRelaxationBeforeCliqueExpansion] #linear:7986 #at_most_ones:1000
[FinalLinearRelaxation] #linear:5986 #cut_generators:0
Initial num_bool: 1997000

Starting subsolver 'main' hint search at 98.88s
Starting subsolver 'main' search at 98.88s
#1     102.15s best:600   next:[3,599]    main
#2     110.09s best:599   next:[3,598]    main
#1      97.87s best:338   next:[2,337]    main
#1     122.43s best:448   next:[2,447]    main
#2     125.89s best:447   next:[2,446]    main
#6     141.27s best:236   next:[2,235]    main
#7     142.00s best:235   next:[2,234]    main
#3     231.41s best:583   next:[3,582]    main
#2     198.48s best:321   next:[2,320]    main
#3     264.40s best:320   next:[2,319]    main
#4     272.87s best:319   next:[2,318]    main
#8     316.08s best:234   next:[2,233]    main
#9     316.52s best:233   next:[2,232]    main
#10    326.46s best:232   next:[2,231]    main
#11    327.36s best:231   next:[2,230]    main
#4     411.05s best:566   next:[3,565]    main
#12    365.41s best:230   next:[2,229]    main
#13    516.25s best:229   next:[2,228]    main
#5     586.34s best:565   next:[3,564]    main
#14    617.92s best:228   next:[2,227]    main
#15    678.77s best:227   next:[2,226]    main
#16    695.50s best:226   next:[2,225]    main
#17    989.77s best:225   next:[2,224]    main
#18    990.76s best:224   next:[2,223]    main
#19    1163.95s best:223   next:[2,222]    main
#6     1778.09s best:564   next:[3,563]    main
#7     1816.39s best:563   next:[3,562]    main
#5     2260.97s best:318   next:[2,317]    main
#20    2717.75s best:185   next:[2,184]    main

Task timing           n [     min,      max]      avg      dev     time         n [     min,      max]      avg      dev    dtime
      'main':         1 [  58.53m,   58.53m]   58.53m   0.00ns   58.53m         1 [  24.25m,   24.25m]   24.25m   0.00ns   24.25m

Search stats        Bools  Conflicts   Branches  Restarts      BoolPropag  IntegerPropag
       'main':  2'027'292    462'237  3'921'291   108'683  13'340'951'328    141'803'396

SAT stats    ClassicMinim  LitRemoved  LitLearned  LitForgotten  Subsumed  MClauses  MDecisions  MLitTrue  MSubsumed  MLitRemoved  MReused
    'main':        58'730     163'314   8'677'903     6'143'403     1'250   103'522     207'044         0          0            0        0

Lp stats    Component  Iterations  AddedCuts    OPTIMAL  DUAL_F.  DUAL_U.
   'main':          1       6'860          0  1'931'155        0        0

Lp dimension      Final dimension of first component
       'main':  811 rows, 3433 columns, 2433 entries

Lp debug    CutPropag  CutEqPropag  Adjust  Overflow  Bad  BadScaling
   'main':          0            0       0         0    0           0

Lp pool    Constraints  Updates  Simplif  Merged  Shortened  Split  Strenghtened  Cuts/Call
  'main':        5'986        0        6       0          0      0             0        0/0

Solutions (7)    Num   Rank
        'main':    7  [1,7]

Objective bounds     Num
  'initial_domain':    1

Solution repositories    Added  Queried  Synchro
  'feasible solutions':      7        0        7
   'fj solution hints':      0        0        0

CpSolverResponse summary:
status: FEASIBLE
objective: 563
best_bound: 3
integers: 3434
booleans: 2027292
conflicts: 462237
branches: 3921291
propagations: 13340951328
integer_propagations: 141803396
restarts: 108683
lp_iterations: 6860
walltime: 3600.69
usertime: 3600.69
deterministic_time: 1459.06
gap_integral: 0
solution_fingerprint: 0x848283bd4cb6b699

--> APLICANDO TRANSPOSIÇÃO DE MATRIZ <--

--- Instância: ../../Instances/Frinhani/Random-1000-1000-2-1.txt_transposta ---
Dimensões Ativas -> Itens (Linhas): 1000 | Padrões (Colunas): 1000

Iniciando o solver OR-Tools (CP-SAT) v9.12.4544...
Threads permitidas: 1
Tempo limite configurado para: 3600.0 segundos (1.00h)

[AVISO] Limite de tempo esgotado. Melhor solução viável encontrada.
Máximo de Pilhas Abertas (Custo C): 563
Melhor Limite Inferior (Best Bound): 3
Gap de Otimalidade: 99.47%
Tempo de Execução: 3600.69s
Sequência de Padrões: 0 1 3 2 5 4 7 9 8 10 11 6 13 12 14 15 16 19 18 20 21 22 25 17 23 24 27 26 28 29 31 34 33 30 32 36 35 37 38 40 39 43 41 42 45 49 44 47 48 46 50 53 55 51 57 56 52 59 58 60 62 64 54 63 65 66 67 61 68 70 75 69 71 74 73 72 76 77 78 82 83 85 79 80 81 88 89 92 87 93 84 86 94 98 90 95 97 91 99 104 100 102 96 101 105 109 103 107 106 108 111 110 112 113 114 115 116 117 122 118 120 119 123 127 124 121 125 126 129 132 128 130 133 131 136 134 135 146 137 138 143 139 142 141 140 144 148 149 154 147 156 151 150 152 155 159 145 153 164 157 158 160 161 162 168 163 165 170 167 166 169 171 173 172 174 177 175 176 180 179 178 181 183 182 185 187 186 184 188 189 190 192 191 195 194 198 193 197 196 200 201 203 199 202 204 206 205 207 208 211 209 215 210 212 213 214 217 219 218 216 227 220 226 221 222 223 224 225 228 229 230 232 236 235 237 233 231 234 240 239 238 245 241 243 247 242 244 246 250 249 255 261 253 248 251 252 257 254 259 256 262 258 264 260 263 270 268 265 267 266 271 272 273 269 274 277 279 278 275 284 280 288 276 282 283 287 285 281 286 289 290 292 291 294 293 295 296 299 297 298 300 303 302 304 306 307 308 301 305 309 310 311 312 313 314 315 318 317 322 316 319 321 323 320 327 324 329 325 328 330 326 333 331 334 336 332 335 337 338 340 342 341 339 344 345 349 343 347 350 346 360 348 354 355 351 356 353 357 352 359 358 362 364 361 372 375 377 383 402 999 998 366 384 394 363 406 996 397 995 371 370 994 407 409 410 417 411 419 380 412 427 374 378 376 379 381 420 428 386 431 430 387 382 993 422 437 425 385 435 391 433 388 390 992 395 447 454 468 393 392 399 448 398 991 442 458 989 988 987 997 985 459 408 418 471 455 424 472 986 414 984 426 440 480 990 432 416 475 423 438 452 463 482 983 439 434 449 476 444 491 473 436 982 445 453 443 478 518 450 502 509 446 512 511 519 461 522 462 456 460 457 464 465 980 524 467 484 469 470 479 481 477 483 474 487 486 488 489 508 492 525 528 496 490 485 981 494 978 529 977 498 500 504 499 507 501 976 975 506 514 510 515 516 513 517 523 520 521 527 532 544 526 533 535 539 536 538 534 540 530 537 543 979 974 542 545 541 549 547 550 546 552 551 553 560 554 555 556 558 559 561 562 557 565 563 564 566 567 568 571 569 570 573 574 576 575 572 577 580 582 583 578 579 584 586 581 589 590 585 587 588 591 592 593 595 594 597 596 601 598 599 600 608 604 605 606 602 609 611 603 610 612 613 607 614 615 616 617 618 620 619 621 624 623 630 622 626 625 629 628 627 631 632 633 634 635 637 636 640 638 641 643 639 646 642 647 644 648 649 650 645 651 652 653 654 659 658 655 656 657 660 661 663 664 662 668 665 667 666 672 669 670 676 673 671 675 674 677 683 681 678 679 680 690 685 684 686 688 689 687 692 696 682 693 691 694 697 698 700 707 699 703 701 706 702 704 708 695 711 709 710 705 713 712 714 716 715 717 718 720 719 721 722 724 723 725 727 729 726 730 728 731 732 735 740 734 736 733 747 739 737 741 749 742 738 743 746 745 744 751 750 752 753 754 748 755 763 757 756 759 758 760 761 764 766 767 768 765 769 762 771 774 773 770 775 772 776 780 777 778 779 781 782 783 784 790 785 786 788 787 791 789 792 793 796 795 794 797 798 803 799 801 800 802 809 805 807 804 806 808 810 812 811 813 816 814 817 815 820 819 822 824 826 821 818 825 827 829 828 823 830 833 837 838 834 831 832 835 836 839 840 841 843 842 847 845 846 844 851 848 852 849 850 853 854 858 855 856 860 862 859 857 861 863 866 865 868 869 867 864 870 871 874 872 875 877 876 873 878 880 881 883 884 879 886 885 888 882 889 890 899 891 887 893 892 901 894 897 895 898 896 900 903 902 905 904 907 906 908 910 912 913 915 909 911 918 916 914 922 917 919 920 924 921 926 923 932 934 925 927 928 929 930 931 933 937 936 941 935 938 939 940 944 942 948 945 946 947 943 950 952 949 951 955 954 956 953 957 959 958 960 961 963 962 964 965 966 969 967 972 971 973 968 970 548 531 505 503 497 495 493 466 451 441 429 421 415 413 405 404 403 401 400 396 389 373 369 368 367 365
--> Log gravado no arquivo 'resultados_mosp.csv' com status: FEASIBLE

Task timing           n [     min,      max]      avg      dev     time         n [     min,      max]      avg      dev    dtime
      'main':         1 [  59.09m,   59.09m]   59.09m   0.00ns   59.09m         1 [  27.39m,   27.39m]   27.39m   0.00ns   27.39m

Search stats        Bools  Conflicts   Branches  Restarts      BoolPropag  IntegerPropag
       'main':  1'308'024    545'425  4'662'601   153'905  14'716'770'694    228'042'910

SAT stats    ClassicMinim  LitRemoved  LitLearned  LitForgotten  Subsumed  MClauses  MDecisions  MLitTrue  MSubsumed  MLitRemoved  MReused
    'main':        63'402     181'894   7'008'551     4'772'210       575   147'363     294'726         0          0            0        0

Lp stats    Component  Iterations  AddedCuts    OPTIMAL  DUAL_F.  DUAL_U.
   'main':          1       4'425          0  3'068'268        0        0

Lp dimension      Final dimension of first component
       'main':  639 rows, 2714 columns, 1916 entries

Lp debug    CutPropag  CutEqPropag  Adjust  Overflow  Bad  BadScaling
   'main':          0            0       0         0    0           0

Lp pool    Constraints  Updates  Simplif  Merged  Shortened  Split  Strenghtened  Cuts/Call
  'main':        4'599        0        2       0          0      0             0        0/0

Solutions (2)    Num   Rank
        'main':    2  [1,2]

Objective bounds     Num
  'initial_domain':    1

Solution repositories    Added  Queried  Synchro
  'feasible solutions':      2        0        2
   'fj solution hints':      0        0        0

CpSolverResponse summary:
status: FEASIBLE
objective: 447
best_bound: 2
integers: 2715
booleans: 1308024
conflicts: 545425
branches: 4662601
propagations: 14716770694
integer_propagations: 228042910
restarts: 153905
lp_iterations: 4425
walltime: 3600.33
usertime: 3600.33
deterministic_time: 1647.68
gap_integral: 0
solution_fingerprint: 0x42ac40071993389b

--> APLICANDO TRANSPOSIÇÃO DE MATRIZ <--

--- Instância: ../../Instances/Frinhani/Random-800-800-2-1.txt_transposta ---
Dimensões Ativas -> Itens (Linhas): 800 | Padrões (Colunas): 800

Iniciando o solver OR-Tools (CP-SAT) v9.12.4544...
Threads permitidas: 1
Tempo limite configurado para: 3600.0 segundos (1.00h)

[AVISO] Limite de tempo esgotado. Melhor solução viável encontrada.
Máximo de Pilhas Abertas (Custo C): 447
Melhor Limite Inferior (Best Bound): 2
Gap de Otimalidade: 99.55%
Tempo de Execução: 3600.33s
Sequência de Padrões: 0 799 798 797 796 795 794 793 792 791 790 789 788 787 786 785 784 783 782 781 780 779 778 777 776 775 774 773 772 771 770 769 768 767 766 765 764 763 762 761 760 759 758 757 756 755 754 753 752 751 750 749 748 747 746 745 744 743 742 741 740 739 738 737 736 735 734 733 732 731 730 729 728 727 726 725 724 723 722 721 720 719 718 717 716 715 714 713 712 711 710 709 708 707 706 705 704 703 702 701 700 699 698 697 696 695 694 693 692 691 690 689 688 687 686 685 684 683 682 681 680 679 678 677 676 675 674 673 672 671 670 669 668 667 666 665 664 663 662 661 660 659 658 657 656 655 654 653 652 651 650 649 648 647 646 645 644 643 642 641 640 639 638 637 636 635 634 633 632 631 630 629 628 627 626 625 624 623 622 621 620 619 618 617 616 615 614 613 612 611 610 609 608 607 606 605 604 603 602 601 600 590 599 598 597 596 595 594 593 592 591 589 588 587 586 585 584 583 582 581 580 579 578 577 576 575 574 573 572 571 570 569 568 567 566 565 564 563 562 561 560 559 558 557 556 555 554 553 552 551 550 549 548 547 546 545 544 543 542 541 540 539 538 537 536 535 534 533 532 531 530 529 528 527 526 525 524 523 522 521 520 519 518 517 516 515 514 513 512 511 510 509 508 507 506 505 504 503 502 501 500 499 498 497 496 495 494 493 492 491 490 489 488 487 486 485 484 483 482 481 480 479 478 477 476 475 474 473 472 471 470 469 468 467 466 465 464 463 462 461 460 459 458 457 456 455 454 453 452 451 450 449 448 447 446 445 444 443 442 441 440 439 438 437 436 435 434 433 432 431 430 429 428 427 426 425 424 423 422 183 18 419 418 417 416 415 414 413 412 411 410 409 408 407 406 405 404 403 402 401 400 399 398 397 396 252 395 394 393 262 392 391 389 388 387 386 385 384 383 382 381 380 379 378 377 376 375 374 373 372 371 370 369 368 367 366 365 364 363 362 361 360 359 358 357 356 355 354 353 352 351 350 349 348 347 346 345 344 343 342 341 340 339 338 337 336 335 334 333 332 331 330 329 328 327 326 325 324 323 322 321 320 319 318 317 316 315 314 313 312 311 310 309 308 307 306 305 304 303 302 301 300 299 93 298 297 296 295 294 293 292 291 290 289 288 287 286 285 284 283 282 281 280 279 278 277 276 275 274 273 272 271 270 269 268 267 266 265 264 263 261 260 259 258 257 256 255 254 253 251 250 249 248 247 119 246 245 244 243 242 241 240 239 238 237 235 236 234 233 232 231 230 229 228 227 226 225 224 223 222 221 220 219 218 217 216 215 214 213 212 211 210 209 208 207 206 205 204 203 202 201 200 199 198 197 196 195 194 193 192 191 190 189 188 187 186 185 184 182 181 180 179 178 177 176 175 174 173 172 171 170 169 168 167 166 165 164 163 162 161 160 159 158 157 156 155 154 153 152 151 150 149 148 147 146 145 144 143 142 141 140 139 138 137 136 135 134 133 132 131 130 129 128 127 126 125 124 123 122 121 120 118 117 116 115 114 113 112 111 110 109 108 107 106 105 104 103 102 101 100 99 98 97 96 95 94 92 91 90 89 88 87 86 85 84 83 82 81 80 79 78 77 76 75 74 73 72 71 70 69 68 67 66 65 64 63 62 61 60 59 58 57 56 55 54 53 52 51 50 49 48 47 46 45 44 43 42 41 40 39 38 37 36 35 34 33 32 31 30 29 28 27 26 25 24 23 22 21 20 19 17 16 15 14 13 12 11 10 9 8 7 6 5 4 3 2 1 421 420 390
--> Log gravado no arquivo 'resultados_mosp.csv' com status: FEASIBLE

Task timing           n [     min,      max]      avg      dev     time         n [     min,      max]      avg      dev    dtime
      'main':         1 [  59.46m,   59.46m]   59.46m   0.00ns   59.46m         1 [  31.39m,   31.39m]   31.39m   0.00ns   31.39m

Search stats      Bools  Conflicts   Branches  Restarts      BoolPropag  IntegerPropag
       'main':  746'442    802'006  7'986'553   404'365  16'311'261'896    270'711'666

SAT stats    ClassicMinim  LitRemoved  LitLearned  LitForgotten  Subsumed  MClauses  MDecisions  MLitTrue  MSubsumed  MLitRemoved  MReused
    'main':       115'272     283'654   8'595'453     5'352'666     1'794   403'503   1'257'256        26      4'043       27'989   19'397

Lp stats    Component  Iterations  AddedCuts    OPTIMAL  DUAL_F.  DUAL_U.
   'main':          1       6'577          0  4'199'274        0        0

Lp dimension      Final dimension of first component
       'main':  458 rows, 1974 columns, 1374 entries

Lp debug    CutPropag  CutEqPropag  Adjust  Overflow  Bad  BadScaling
   'main':          0            0       0         0    0           0

Lp pool    Constraints  Updates  Simplif  Merged  Shortened  Split  Strenghtened  Cuts/Call
  'main':        3'411        0        5       0          0      0             0        0/0

Solutions (5)    Num   Rank
        'main':    5  [1,5]

Objective bounds     Num
  'initial_domain':    1

Solution repositories    Added  Queried  Synchro
  'feasible solutions':      5        0        5
   'fj solution hints':      0        0        0

CpSolverResponse summary:
status: FEASIBLE
objective: 318
best_bound: 2
integers: 1975
booleans: 746442
conflicts: 802006
branches: 7986553
propagations: 16311261896
integer_propagations: 270711666
restarts: 404365
lp_iterations: 6577
walltime: 3600.7
usertime: 3600.7
deterministic_time: 1887.6
gap_integral: 0
solution_fingerprint: 0x7868f7e91949e0df

--> APLICANDO TRANSPOSIÇÃO DE MATRIZ <--

--- Instância: ../../Instances/Frinhani/Random-600-600-2-1.txt_transposta ---
Dimensões Ativas -> Itens (Linhas): 600 | Padrões (Colunas): 600

Iniciando o solver OR-Tools (CP-SAT) v9.12.4544...
Threads permitidas: 1
Tempo limite configurado para: 3600.0 segundos (1.00h)

[AVISO] Limite de tempo esgotado. Melhor solução viável encontrada.
Máximo de Pilhas Abertas (Custo C): 318
Melhor Limite Inferior (Best Bound): 2
Gap de Otimalidade: 99.37%
Tempo de Execução: 3600.70s
Sequência de Padrões: 0 43 531 2 3 4 5 6 7 8 9 10 11 12 13 14 15 16 17 18 19 20 21 22 23 24 25 26 27 28 29 30 31 32 33 34 35 36 37 38 39 40 41 42 44 45 46 47 48 49 50 51 52 53 54 55 56 57 58 59 60 61 62 63 64 65 66 67 68 69 70 71 72 73 74 75 76 77 78 79 80 81 82 83 84 85 86 87 88 89 90 91 92 93 94 95 96 97 98 99 100 101 102 103 104 105 106 107 108 109 110 111 112 113 114 115 116 117 118 119 120 121 122 123 124 125 126 127 128 129 130 131 132 133 134 135 136 137 138 139 140 141 142 143 144 145 146 147 148 149 150 151 152 153 154 155 156 157 158 159 160 161 162 163 164 165 166 167 168 169 170 171 172 173 174 175 176 177 178 179 180 181 182 183 184 185 186 187 188 189 190 191 192 193 194 195 196 197 198 199 200 201 202 203 204 205 206 207 208 209 210 211 212 213 214 215 216 217 218 219 220 221 222 223 224 225 226 227 228 599 230 598 232 233 234 239 235 236 249 237 254 255 238 257 262 240 241 264 267 268 270 242 243 596 245 246 275 278 279 595 248 284 286 288 594 593 291 292 252 253 293 294 295 296 297 298 256 299 302 305 306 592 597 260 591 263 265 307 308 266 269 271 590 273 281 309 274 276 310 312 314 277 280 282 283 285 287 289 290 300 301 303 304 311 313 315 316 317 318 319 320 589 322 323 324 325 326 327 331 328 329 330 332 333 334 335 336 337 338 339 340 341 342 343 344 345 346 347 348 349 350 351 352 353 354 355 356 357 358 359 360 361 362 363 364 365 366 367 368 369 370 371 372 373 374 375 376 377 378 379 380 381 382 383 384 385 386 387 388 389 390 391 392 393 394 395 396 397 398 399 400 401 402 403 404 405 406 407 408 409 410 411 412 413 414 415 416 417 418 419 420 421 422 423 424 425 426 427 428 429 430 431 432 433 434 435 436 437 438 439 440 441 442 443 444 445 446 447 448 449 450 451 452 453 454 455 456 457 458 459 460 461 462 463 464 465 466 467 468 469 470 471 472 473 474 475 476 477 478 479 480 481 482 483 484 485 486 487 488 489 490 491 492 493 494 495 496 497 498 499 500 501 502 503 504 505 506 507 508 509 510 511 512 513 514 515 516 517 518 519 520 521 522 523 524 525 526 527 528 529 530 532 533 534 535 536 537 538 539 540 541 542 543 544 545 546 547 548 549 550 551 552 553 554 555 556 557 558 559 560 561 562 563 564 565 566 567 568 569 570 571 572 573 574 575 576 577 578 579 580 581 582 583 584 585 586 587 588 321 272 261 259 258 251 250 247 244 231 229 1
--> Log gravado no arquivo 'resultados_mosp.csv' com status: FEASIBLE

Task timing           n [     min,      max]      avg      dev     time         n [     min,      max]      avg      dev    dtime
      'main':         1 [  59.70m,   59.70m]   59.70m   0.00ns   59.70m         1 [  36.97m,   36.97m]   36.97m   0.00ns   36.97m

Search stats      Bools  Conflicts    Branches  Restarts      BoolPropag  IntegerPropag
       'main':  339'495  2'164'756  11'642'175   276'547  17'302'480'288    365'514'705

SAT stats    ClassicMinim  LitRemoved  LitLearned  LitForgotten  Subsumed  MClauses  MDecisions  MLitTrue  MSubsumed  MLitRemoved  MReused
    'main':       382'312     786'616  19'163'118     8'633'152     8'371   279'736     974'821         3     19'293      117'893   42'818

Lp stats    Component  Iterations  AddedCuts    OPTIMAL  DUAL_F.  DUAL_U.
   'main':          1       1'188          0  6'610'695        0        0

Lp dimension     Final dimension of first component
       'main':  322 rows, 1366 columns, 966 entries

Lp debug    CutPropag  CutEqPropag  Adjust  Overflow  Bad  BadScaling
   'main':          0            0       0         0    0           0

Lp pool    Constraints  Updates  Simplif  Merged  Shortened  Split  Strenghtened  Cuts/Call
  'main':        2'369        0       19       0          0      0             0        0/0

Solutions (20)    Num    Rank
         'main':   20  [1,20]

Objective bounds     Num
  'initial_domain':    1

Solution repositories    Added  Queried  Synchro
  'feasible solutions':     20        0       20
   'fj solution hints':      0        0        0

CpSolverResponse summary:
status: FEASIBLE
objective: 185
best_bound: 2
integers: 1367
booleans: 339495
conflicts: 2164756
branches: 11642175
propagations: 17302480288
integer_propagations: 365514705
restarts: 276547
lp_iterations: 1188
walltime: 3600.36
usertime: 3600.36
deterministic_time: 2222.42
gap_integral: 0
solution_fingerprint: 0x91c68fb4835db0b2

--> APLICANDO TRANSPOSIÇÃO DE MATRIZ <--

--- Instância: ../../Instances/Frinhani/Random-400-400-2-1.txt_transposta ---
Dimensões Ativas -> Itens (Linhas): 400 | Padrões (Colunas): 400

Iniciando o solver OR-Tools (CP-SAT) v9.12.4544...
Threads permitidas: 1
Tempo limite configurado para: 3600.0 segundos (1.00h)

[AVISO] Limite de tempo esgotado. Melhor solução viável encontrada.
Máximo de Pilhas Abertas (Custo C): 185
Melhor Limite Inferior (Best Bound): 2
Gap de Otimalidade: 98.92%
Tempo de Execução: 3600.36s
Sequência de Padrões: 0 81 76 284 262 339 314 263 86 34 155 362 295 70 359 161 274 323 376 115 189 347 87 235 23 33 275 260 364 78 75 193 141 247 32 63 270 136 217 240 20 17 22 82 97 21 28 326 40 190 49 187 152 165 317 99 242 153 67 213 176 2 237 50 38 91 93 269 334 300 117 298 12 16 296 19 327 14 234 35 162 169 241 278 360 246 175 113 106 68 26 56 220 313 71 197 42 108 116 125 119 105 114 215 131 51 142 133 3 64 134 52 244 69 361 59 54 365 378 207 103 55 280 283 191 149 44 41 101 27 309 374 320 211 222 45 10 186 306 383 53 104 124 1 265 36 84 73 203 79 200 159 173 367 46 83 58 285 335 6 5 196 151 60 373 62 205 372 353 277 243 156 77 195 311 126 268 13 287 183 160 397 135 130 302 164 100 253 250 233 144 201 122 289 276 204 25 57 212 177 210 121 239 366 238 279 354 221 147 171 357 65 29 312 389 301 350 375 336 206 4 31 179 316 226 387 386 47 158 180 88 66 363 322 230 258 174 286 94 282 194 154 219 72 332 394 308 303 348 163 259 90 209 184 227 369 329 293 170 199 120 102 281 218 371 216 129 344 351 95 297 345 112 202 252 340 352 392 96 349 168 273 381 224 148 379 30 157 118 11 382 251 236 150 399 111 324 318 138 228 123 143 346 109 307 145 178 166 43 377 267 391 18 188 229 80 182 107 48 272 249 310 291 74 315 343 98 223 338 185 384 319 254 388 358 232 385 342 292 85 370 181 390 139 39 304 231 110 214 330 288 337 7 167 128 198 172 9 266 398 396 395 393 380 261 368 356 355 89 341 333 331 328 325 321 305 299 294 290 271 264 257 256 255 248 245 225 208 192 146 140 137 132 127 92 61 37 24 15 8
--> Log gravado no arquivo 'resultados_mosp.csv' com status: FEASIBLE
